Tiêu đề,Công ty,Link,Ngành học
1 phút trước - Nhà Tuyển Dụng đã xem CV ứng viên Nguyễn Nh** Ho*** [HCM] Công Ty Uncle Bills Tuyển Dụng Thực Tập Sinh Nhân Sự Full-time 2026,Xem chi tiết tại link gốc,https://ybox.vn/tuyen-dung/hcm-cong-ty-uncle-bills-tuyen-dung-thuc-tap-sinh-nhan-su-full-time-2026-6a32490b2dbbb5273c845ec8?feed=true,Ngành khác / Chưa phân loại
"3 phút trước - Nhà Tuyển Dụng đã xem CV ứng viên Nguyễn Ng** Vi** Hà [HCM] Công Ty Carslan Tuyển Dụng Nhân Viên Vận Hành Livestream, Booking KOL/KOC Specialist Full-time 2026",Xem chi tiết tại link gốc,https://ybox.vn/tuyen-dung/hcm-cong-ty-carslan-tuyen-dung-nhan-vien-van-hanh-livestream-booking-kol-koc-specialist-full-time-2026-6a06c4b11d80b2030b4673aa?feed=true,Ngành khác / Chưa phân loại
12 phút trước - Nhà Tuyển Dụng đã xem CV ứng viên Cao Bả* Ng** [HN] Công Ty Vanguard Logistics Services Việt Nam Tuyển Dụng Nhân Viên Chứng Từ Hàng Nhập Full-time 2026,Xem chi tiết tại link gốc,https://ybox.vn/tuyen-dung/hn-cong-ty-vanguard-logistics-services-viet-nam-tuyen-dung-nhan-vien-chung-tu-hang-nhap-full-time-2026-6a2681d23ad2f5272bcd0a2d?feed=true,Ngành khác / Chưa phân loại
13 phút trước - Nhà Tuyển Dụng đã xem CV ứng viên Phạm Ph**** An* [HN] Công Ty Carl Zeiss Việt Nam Tuyển Dụng Thực Tập Sinh Kế Toán Full-time 2026,Xem chi tiết tại link gốc,https://ybox.vn/tuyen-dung/hn-cong-ty-carl-zeiss-viet-nam-tuyen-dung-thuc-tap-sinh-ke-toan-full-time-2026-6a276dd1d38c932713f9e290?feed=true,Ngành khác / Chưa phân loại
13 phút trước - Nhà Tuyển Dụng đã xem CV ứng viên Cao Bả* Ng** [HCM] Hãng Tàu Wan Hai Lines Tuyển Dụng Nhân Viên Chứng Từ Nhập (Inbound Doc Clerk) Full-time 2026,Xem chi tiết tại link gốc,https://ybox.vn/tuyen-dung/hcm-hang-tau-wan-hai-lines-tuyen-dung-nhan-vien-chung-tu-nhap-inbound-doc-clerk-full-time-2026-6a28d2d33ad2f5272bcd7235?feed=true,Ngành khác / Chưa phân loại
3 phút trước - Nguyễn Lâ* Ho*** Ng** đã ứng tuyển [HCM] Công Ty Đầu Tư Vietsun Holding Tuyển Dụng Thực Tập Sinh Nhân Sự Full-time 2026,Xem chi tiết tại link gốc,https://ybox.vn/tuyen-dung/hcm-cong-ty-dau-tu-vietsun-holding-tuyen-dung-thuc-tap-sinh-nhan-su-full-time-2026-6a30b771f8d23c23c1739b8d?feed=true,Ngành khác / Chưa phân loại
3 phút trước - Nguyễn Tu*** Tr*** đã ứng tuyển [Startup-Online-HN/HCM] Nền Tảng Học Trực Tuyến CLEVAI Tuyển Dụng Cộng Tác Viên Quản Lý Chất Lượng/Gọi Điện Báo Cáo Học Tập Part-time 2026,Xem chi tiết tại link gốc,https://ybox.vn/tuyen-dung/startup-online-hn-hcm-nen-tang-hoc-truc-tuyen-clevai-tuyen-dung-cong-tac-vien-quan-ly-chat-luong-goi-dien-bao-cao-hoc-tap-part-time-2026-6a36c4cd8856282656c7eeb2?feed=true,Ngành khác / Chưa phân loại
4 phút trước - Nguyễn Hạ** Mi** An* đã ứng tuyển [HCM] Tập Đoàn Dữ Liệu Quốc Tế IDG Tuyển Dụng Thực Tập Sinh Marketing Full-time 2026,Xem chi tiết tại link gốc,https://ybox.vn/tuyen-dung/hcm-tap-doan-du-lieu-quoc-te-idg-tuyen-dung-thuc-tap-sinh-marketing-full-time-2026-6a33beca2dbbb5273c84a003?feed=true,Ngành khác / Chưa phân loại
5 phút trước - Loan Ng**** đã ứng tuyển [HN] Công Ty BBQHome Tuyển Dụng Nhân Viên Thiết Kế Đồ Họa Full-time 2026,Xem chi tiết tại link gốc,https://ybox.vn/tuyen-dung/hn-cong-ty-bbqhome-tuyen-dung-nhan-vien-thiet-ke-do-hoa-full-time-2026-6a32443ff8d23c23c173dfe5?feed=true,Ngành khác / Chưa phân loại
6 phút trước - Nguyễn Tu*** Tr*** đã ứng tuyển [Online-HN] Trung Tâm Minh IELTS Tuyển Dụng Nhân Viên Sales/Telesales Online Part-time/Full-time 2026,Xem chi tiết tại link gốc,https://ybox.vn/tuyen-dung/online-hn-trung-tam-minh-ielts-tuyen-dung-nhan-vien-sales-telesales-online-part-time-full-time-2026-6a373b7a2dbbb5273c852763?feed=true,Ngành khác / Chưa phân loại
6 phút trước - Nguyễn Hạ** Mi** An* đã ứng tuyển [HCM] Công Ty Chăm Sóc Sức Khoẻ URGO Việt Nam Tuyển Dụng Thực Tập Sinh Marketing Admin Full-time 2026,Xem chi tiết tại link gốc,https://ybox.vn/tuyen-dung/hcm-cong-ty-cham-soc-suc-khoe-urgo-viet-nam-tuyen-dung-thuc-tap-sinh-marketing-admin-full-time-2026-6a34e9a7f8d23c23c1745328?feed=true,Ngành khác / Chưa phân loại
6 phút trước - Lê Th* Ki** Oa** đã ứng tuyển [Online] YBOX.VN - Team Media Tuyển Dụng Thực Tập Sinh Nhân Sự/Bảo Trợ Truyền Thông/Passport/Đối Tác Truyền Thông/Tiktok Content Creator Part-time 2026 (Không Cần Kinh Nghiệm),Xem chi tiết tại link gốc,https://ybox.vn/tuyen-dung/online-ybox-vn-team-media-tuyen-dung-thuc-tap-sinh-nhan-su-bao-tro-truyen-thong-passport-doi-tac-truyen-thong-tiktok-content-creator-part-time-2026-khong-can-kinh-nghiem-67ffaa52e78e8e3ef126e752?feed=true,Ngành khác / Chưa phân loại
"6 phút trước - Phạm Nh** Mi** đã ứng tuyển [HN] Công Ty Công Nghệ IDSC Tuyển Dụng Nhân Viên Số Hóa Hồ Sơ, Quản Lý Dự Án Full-time 2026",Xem chi tiết tại link gốc,https://ybox.vn/tuyen-dung/hn-cong-ty-cong-nghe-idsc-tuyen-dung-nhan-vien-so-hoa-ho-so-quan-ly-du-an-full-time-2026-6a1fe01826f0e72dffd5d3c8?feed=true,Ngành khác / Chưa phân loại
7 phút trước - Loan Ng**** đã ứng tuyển [HN] Công Ty Thương Mại Và Dịch Vụ Hân Ngọc Việt Tuyển Dụng Nhân Viên Thiết Kế Đồ Họa/Video Content/Kinh Doanh/Digital Marketing Full-time 2026,Xem chi tiết tại link gốc,https://ybox.vn/tuyen-dung/hn-cong-ty-thuong-mai-va-dich-vu-han-ngoc-viet-tuyen-dung-nhan-vien-thiet-ke-do-hoa-video-content-kinh-doanh-digital-marketing-full-time-2026-6a326e56d453ee2a1bcdc99c?feed=true,Công nghệ thông tin
"10 phút trước - Lại Th*** Th*** Ho** đã ứng tuyển [HN] Công Ty Thương Mại Điện Tử HV Ecom Tuyển Dụng Thực Tập Sinh Listing Sàn Thương Mại Điện Tử Amazon, Ebay, Etsy Part-time/Full-time 2026 (Không Yêu Cầu Kinh Nghiệm)",Xem chi tiết tại link gốc,https://ybox.vn/tuyen-dung/hn-cong-ty-thuong-mai-dien-tu-hv-ecom-tuyen-dung-thuc-tap-sinh-listing-san-thuong-mai-dien-tu-amazon-ebay-etsy-part-time-full-time-2026-khong-yeu-cau-kinh-nghiem-6a2f79cad38c932713fb2cdd?feed=true,Ngành khác / Chưa phân loại
11 phút trước - Tạ Ng** Li** Ch* đã ứng tuyển [HN] Công Ty Booking KOLS The A List Tuyển Dụng Thực Tập Sinh Account (Junior) Full-time 2026,Xem chi tiết tại link gốc,https://ybox.vn/tuyen-dung/hn-cong-ty-booking-kols-the-a-list-tuyen-dung-thuc-tap-sinh-account-junior-full-time-2026-6a320d0e2dbbb5273c8453fc?feed=true,Ngành khác / Chưa phân loại
13 phút trước - Đặng Ng* Mi** Ng**** đã ứng tuyển [HCM] Công Ty Thực Phẩm Nafoods Group Tuyển Dụng Thực Tập Sinh IT/Nhân Sự/Mua Hàng Part-time/Full-time 2026,Xem chi tiết tại link gốc,https://ybox.vn/tuyen-dung/hcm-cong-ty-thuc-pham-nafoods-group-tuyen-dung-thuc-tap-sinh-it-nhan-su-mua-hang-part-time-full-time-2026-6a1fd5e56788ca7292af1f1f?feed=true,Công nghệ thông tin
15 phút trước - Nhà Tuyển Dụng đã xem CV ứng viên Nguyễn Lâ* Ho*** Ng** [HCM] Tập Đoàn Cung Cấp Dịch Vụ Logistics Indo-trans Logistics Tuyển Dụng Thực Tập Sinh Admin Full-time 2026,Xem chi tiết tại link gốc,https://ybox.vn/tuyen-dung/hcm-tap-doan-cung-cap-dich-vu-logistics-indo-trans-logistics-tuyen-dung-thuc-tap-sinh-admin-full-time-2026-6a2f7ae8d38c932713fb2d1f?feed=true,Ngành khác / Chưa phân loại
15 phút trước - Phương Qu*** đã ứng tuyển [HCM] Công Ty OLV Boutique Tuyển Dụng Nhân Viên Lập Kế Hoạch Cung Ứng Full-time 2026,Xem chi tiết tại link gốc,https://ybox.vn/tuyen-dung/hcm-cong-ty-olv-boutique-tuyen-dung-nhan-vien-lap-ke-hoach-cung-ung-full-time-2026-6a2bb237d38c932713faa17f?feed=true,Ngành khác / Chưa phân loại
18 phút trước - Nhà Tuyển Dụng đã xem CV ứng viên Phan Tấ* Ph** [HCM] Công Ty Phần Mềm FPT Software Tuyển Dụng Thực Tập Sinh IT Full-time 2026,Xem chi tiết tại link gốc,https://ybox.vn/tuyen-dung/hcm-cong-ty-phan-mem-fpt-software-tuyen-dung-thuc-tap-sinh-it-full-time-2026-6a29060fe835ed27183afd99?feed=true,Công nghệ thông tin
20 phút trước - Nguyễn Qu*** Mi** đã ứng tuyển [HCM] Công Ty Công Nghệ Và Giáo Dục 10 Group Việt Nam Tuyển Dụng Thực Tập Sinh Sales/Marketing Part-time 2026,Xem chi tiết tại link gốc,https://ybox.vn/tuyen-dung/hcm-cong-ty-cong-nghe-va-giao-duc-10-group-viet-nam-tuyen-dung-thuc-tap-sinh-sales-marketing-part-time-2026-6a38a53c221c715d0b77ccad?feed=true,Ngành khác / Chưa phân loại
22 phút trước - Vũ Ph**** An* đã ứng tuyển [Online] Công Ty CENNEXT Tuyển Dụng Nhân viên Nhân Viên Nhập Liệu Đêm Full-time 2026,Xem chi tiết tại link gốc,https://ybox.vn/tuyen-dung/online-cong-ty-cennext-tuyen-dung-nhan-vien-nhan-vien-nhap-lieu-dem-full-time-2026-6a310aa62dbbb5273c842eb3?feed=true,Ngành khác / Chưa phân loại
"22 phút trước - Chu Th* Th* Hà đã ứng tuyển [HN] Công Ty Chứng Khoán VPBS - VPBank Securities Tuyển Dụng Nhân Viên & Thực Tập Sinh Tư Vấn Full-time/Part-time 2026 (Không Yêu Cầu Kinh Nghiệm, Thu Nhập 12-25 Triệu/Tháng)",Xem chi tiết tại link gốc,https://ybox.vn/tuyen-dung/hn-cong-ty-chung-khoan-vpbs-vpbank-securities-tuyen-dung-nhan-vien-and-thuc-tap-sinh-tu-van-full-time-part-time-2026-khong-yeu-cau-kinh-nghiem-thu-nhap-12-25-trieu-thang-6a2b67f3e835ed27183b62aa?feed=true,Công nghệ thông tin
22 phút trước - NGUYỄN NG** NH* CẦ* đã ứng tuyển [HCM] Công Ty Pegasi Recruitment Tuyển Dụng Nhân Viên Tư Vấn Tuyển Dụng - Recruitment Consultant 2026 (Không Yêu Cầu Kinh Nghiệm),Xem chi tiết tại link gốc,https://ybox.vn/tuyen-dung/hcm-cong-ty-pegasi-recruitment-tuyen-dung-nhan-vien-tu-van-tuyen-dung-recruitment-consultant-2026-khong-yeu-cau-kinh-nghiem-6a2f621b3ad2f5272bce7a09?feed=true,Công nghệ thông tin
"23 phút trước - Nhà Tuyển Dụng đã xem CV ứng viên Trần Ng** Th*** [HCM] Công Ty Nguồn Lực MP Tuyển Dụng Nhân Viên Chăm Sóc Khách Hàng (Call Center), Tư Vấn Hỗ Trợ, Hỗ Trợ Nhập Liệu Data Entry Full-time 2026 (Không Yêu Cầu Kinh Nghiệm, Mức Lương 8-12 Triệu/Tháng)",Xem chi tiết tại link gốc,https://ybox.vn/tuyen-dung/hcm-cong-ty-nguon-luc-mp-tuyen-dung-nhan-vien-cham-soc-khach-hang-call-center-tu-van-ho-tro-ho-tro-nhap-lieu-data-entry-full-time-2026-khong-yeu-cau-kinh-nghiem-muc-luong-8-12-trieu-thang-6a27bd87d38c932713f9f263?feed=true,Công nghệ thông tin
23 phút trước - Nhà Tuyển Dụng đã xem CV ứng viên Nguyễn Ng** Bả* Tr** [HCM] Công Ty Mylife Group Tuyển Dụng Thực Tập Sinh Marketing Part-time/Full-time 2026,Xem chi tiết tại link gốc,https://ybox.vn/tuyen-dung/hcm-cong-ty-mylife-group-tuyen-dung-thuc-tap-sinh-marketing-part-time-full-time-2026-6a30f7922dbbb5273c842971?feed=true,Ngành khác / Chưa phân loại
"26 phút trước - Phan Th** An* đã ứng tuyển [HCM] Chương Trình ""Ngôi Sao V"" Khóa 3 - Chương Trình Tuyển Dụng Và Phát Triển Tài Năng Trẻ Tại Công Ty Công Nghệ VIVO Dành Cho Các Bạn Sinh Viên Sắp Tốt Nghiệp Và Tân Cử Nhân 2026",Xem chi tiết tại link gốc,https://ybox.vn/tuyen-dung/hcm-chuong-trinh-ngoi-sao-v-khoa-3-chuong-trinh-tuyen-dung-va-phat-trien-tai-nang-tre-tai-cong-ty-cong-nghe-vivo-danh-cho-cac-ban-sinh-vien-sap-tot-nghiep-va-tan-cu-nhan-2026-6a169c6560837e7bf4a2312f?feed=true,Ngành khác / Chưa phân loại
26 phút trước - Huỳnh Đô** Đô đã ứng tuyển [HCM] Công Ty Công Nghệ Skylink Labs Tuyển Dụng Nhân Viên Video Editor Full-time 2026,Xem chi tiết tại link gốc,https://ybox.vn/tuyen-dung/hcm-cong-ty-cong-nghe-skylink-labs-tuyen-dung-nhan-vien-video-editor-full-time-2026-6a328fdcd453ee2a1bcdcf39?feed=true,Công nghệ thông tin
27 phút trước - Nguyễn Lâ* Ho*** Ng** đã ứng tuyển [HCM] Công Ty GOODFOOD Tuyển Dụng Thực Tập Sinh Nhân Sự Part-time/Full-time 2026,Xem chi tiết tại link gốc,https://ybox.vn/tuyen-dung/hcm-cong-ty-goodfood-tuyen-dung-thuc-tap-sinh-nhan-su-part-time-full-time-2026-6a2bb699d38c932713faa262?feed=true,Ngành khác / Chưa phân loại
28 phút trước - Phan Tấ* Ph** đã ứng tuyển [HCM] Ứng Dụng TAPTAP Tuyển Dụng Thực Tập Sinh Business Analyst/Loyalty Project/Software Engineer Part-time/Full-time 2026,Xem chi tiết tại link gốc,https://ybox.vn/tuyen-dung/hcm-ung-dung-taptap-tuyen-dung-thuc-tap-sinh-business-analyst-loyalty-project-software-engineer-part-time-full-time-2026-6a2c39b3d38c932713fab817?feed=true,Công nghệ thông tin
29 phút trước - Dương Cẩ* Vâ* đã ứng tuyển [HCM] Công Ty Đồ Gia Dụng BOSCH Tuyển Dụng Thực Tập Sinh Logistics Và Chuỗi Cung Ứng Full-time 2026,Xem chi tiết tại link gốc,https://ybox.vn/tuyen-dung/hcm-cong-ty-do-gia-dung-bosch-tuyen-dung-thuc-tap-sinh-logistics-va-chuoi-cung-ung-full-time-2026-6a1d42a03604f572a38683c8?feed=true,Ngành khác / Chưa phân loại
29 phút trước - Võ Ng** Kh*** Hâ* đã ứng tuyển [ONLINE] YBOX -  Team Đối Ngoại Tuyển Dụng Thực Tập Sinh Development/Media Partner/Communication/HR  Part-Time 2025,Xem chi tiết tại link gốc,https://ybox.vn/tuyen-dung/online-ybox-team-doi-ngoai-tuyen-dung-thuc-tap-sinh-development-media-partner-communication-hr-part-time-2025-678b1b84143e030dcaa9055e?feed=true,Ngành khác / Chưa phân loại
29 phút trước - Nguyễn Qu** Đạ* đã ứng tuyển [HCM] Trường Đào Tạo Thẩm Mỹ ANA Tuyển Dụng Nhân Viên Tuyển Dụng Full-time 2026,Xem chi tiết tại link gốc,https://ybox.vn/tuyen-dung/hcm-truong-dao-tao-tham-my-ana-tuyen-dung-nhan-vien-tuyen-dung-full-time-2026-6a3632888856282656c7d4d4?feed=true,Ngành khác / Chưa phân loại
30 phút trước - Nhà Tuyển Dụng đã xem CV ứng viên Lê Th* Hu*** Tr** [HCM] Tập Đoàn Bất Động Sản Đa Quốc Gia Gamuda Land Tuyển Dụng Thực Tập Sinh Legal Full-time 2026,Xem chi tiết tại link gốc,https://ybox.vn/tuyen-dung/hcm-tap-doan-bat-dong-san-da-quoc-gia-gamuda-land-tuyen-dung-thuc-tap-sinh-legal-full-time-2026-6a30c5eaf8d23c23c1739e3f?feed=true,Ngành khác / Chưa phân loại
31 phút trước - NGUYỄN TH* TH* HÀ đã ứng tuyển [HCM] Công Ty Thiết Bị Thông Minh O-TECH Việt Nam Tuyển Dụng Thực Tập Sinh Thương Mại Điện Tử Full-time 2026,Xem chi tiết tại link gốc,https://ybox.vn/tuyen-dung/hcm-cong-ty-thiet-bi-thong-minh-o-tech-viet-nam-tuyen-dung-thuc-tap-sinh-thuong-mai-dien-tu-full-time-2026-6a19027b8bd4aa728d020944?feed=true,Ngành khác / Chưa phân loại
"31 phút trước - Nguyễn Hả* Bì** đã ứng tuyển [Remote-HN] Công Ty Mẹ Gấu Pilates Tuyển Dụng Part-time/Full-time: Nhân Viên Kinh Doanh, Content Marketing Online, Hành Chính Nhân Sự Admin Vận Hành, Huấn Luyện Viên 2026 (Không Yêu Cầu Kinh Nghiệm, Thu Nhập Upto 15-30 Triệu/Tháng, Tập Pilates Miễn Phí)",Xem chi tiết tại link gốc,https://ybox.vn/tuyen-dung/remote-hn-cong-ty-me-gau-pilates-tuyen-dung-part-time-full-time-nhan-vien-kinh-doanh-content-marketing-online-hanh-chinh-nhan-su-admin-van-hanh-huan-luyen-vien-2026-khong-yeu-cau-kinh-nghiem-thu-nhap-upto-15-30-trieu-thang-tap-pilates-mien-phi-69e09e9673257002f74a78a7?feed=true,Ngành khác / Chưa phân loại
32 phút trước - Nhà Tuyển Dụng đã xem CV ứng viên Đỗ Đứ* Hò* [HN] Công Ty Chứng Khoán VNDIRECT Tuyển Dụng Nhân Viên & Thực Tập Sinh Tư Vấn Chứng Khoán Full-time 2026 (Không Yêu Cầu Kinh Nghiệm),Xem chi tiết tại link gốc,https://ybox.vn/tuyen-dung/hn-cong-ty-chung-khoan-vndirect-tuyen-dung-nhan-vien-and-thuc-tap-sinh-tu-van-chung-khoan-full-time-2026-khong-yeu-cau-kinh-nghiem-6a292e43d38c932713fa33db?feed=true,Ngành khác / Chưa phân loại
32 phút trước - NGUYỄN TH* TH* HÀ đã ứng tuyển [HCM] Công Ty Kinh Doanh Nội Thất Khánh Vy Home Tuyển Dụng Thực Tập Sinh Vận Hành Sàn Thương Mại Điện Tử Part-time/Full-time 2026,Xem chi tiết tại link gốc,https://ybox.vn/tuyen-dung/hcm-cong-ty-kinh-doanh-noi-that-khanh-vy-home-tuyen-dung-thuc-tap-sinh-van-hanh-san-thuong-mai-dien-tu-part-time-full-time-2026-6a33a0b68856282656c77114?feed=true,Ngành khác / Chưa phân loại
33 phút trước - Nhà Tuyển Dụng đã xem CV ứng viên Nguyễn Hà My [HN] Thương Hiệu Thời Trang Mono Talk Tuyển Dụng Trợ Lý Thiết Kế/Admin Thiết Kế Part-time 2026,Xem chi tiết tại link gốc,https://ybox.vn/tuyen-dung/hn-thuong-hieu-tho-i-trang-mono-talk-tuye-n-du-ng-tro-ly-thie-t-ke-admin-thie-t-ke-part-time-2026-6a2a400d3ad2f5272bcdb11a?feed=true,Ngành khác / Chưa phân loại
"34 phút trước - Nguyễn Th** Vâ* đã ứng tuyển [HN] Thương Hiệu Tiffany Wedding & Event Tuyển Dụng Thực Tập Sinh & Nhân Viên: Sales Wedding Planner, Marketing Media, Creator, SEO, Digital Ads, Sales Event, Thiết Kế, Kế Toán, Tổ Chức Sự Kiện, Kế Toán & Hành Chính Full-time 2026",Xem chi tiết tại link gốc,https://ybox.vn/tuyen-dung/hn-thuong-hieu-tiffany-wedding-and-event-tuyen-dung-thuc-tap-sinh-and-nhan-vien-sales-wedding-planner-marketing-media-creator-seo-digital-ads-sales-event-thiet-ke-ke-toan-to-chuc-su-kien-ke-toan-and-hanh-chinh-full-time-2026-6a2a308836c2fe272cd9687c?feed=true,Công nghệ thông tin
35 phút trước - Nhà Tuyển Dụng đã xem CV ứng viên Trịnh Hu*** Ch* [Online-HN] Công Ty Thương Mại Điện Tử DZT Corporation Tuyển Dụng Thực Tập Sinh Digital Marketing Part-time 2026,Xem chi tiết tại link gốc,https://ybox.vn/tuyen-dung/online-hn-cong-ty-thuong-mai-dien-tu-dzt-corporation-tuyen-dung-thuc-tap-sinh-digital-marketing-part-time-2026-6a351e438856282656c7b077?feed=true,Công nghệ thông tin
36 phút trước - Dương Cẩ* Vâ* đã ứng tuyển [HCM] Công Ty DH Foods Tuyển Dụng Thực Tập Sinh Thu mua Full-time 2026,Xem chi tiết tại link gốc,https://ybox.vn/tuyen-dung/hcm-cong-ty-dh-foods-tuyen-dung-thuc-tap-sinh-thu-mua-full-time-2026-6a27fa053ad2f5272bcd4f81?feed=true,Ngành khác / Chưa phân loại
36 phút trước - Nhà Tuyển Dụng đã xem CV ứng viên PHẠM TH* TU*** DU* [HCM] Hệ Thống Nhà Sách Phương Nam Tuyển Dụng Nhân Viên Bán Hàng/Thu Ngân/Pha Chế Full-time 2026,Xem chi tiết tại link gốc,https://ybox.vn/tuyen-dung/hcm-he-thong-nha-sach-phuong-nam-tuyen-dung-nhan-vien-ban-hang-thu-ngan-pha-che-full-time-2026-69f85a951d80b2030b4413f3?feed=true,Ngành khác / Chưa phân loại
37 phút trước - Nguyễn Th* Th*** Th** đã ứng tuyển [HN] Chuỗi Cửa Hàng Venus Charm Tuyển Dụng Thực Tập Sinh Marketing Part-time 2026,Xem chi tiết tại link gốc,https://ybox.vn/tuyen-dung/hn-chuoi-cua-hang-venus-charm-tuyen-dung-thuc-tap-sinh-marketing-part-time-2026-6a1e5fd46788ca7292aedd7f?feed=true,Ngành khác / Chưa phân loại
37 phút trước - Dương Cẩ* Vâ* đã ứng tuyển [HCM] Công Ty Mỹ Phẩm MEISHANG Việt Nam Tuyển Dụng Thực Tập Sinh Warehouse Admin Full-time 2026,Xem chi tiết tại link gốc,https://ybox.vn/tuyen-dung/hcm-cong-ty-my-pham-meishang-viet-nam-tuyen-dung-thuc-tap-sinh-warehouse-admin-full-time-2026-6a3148c3d453ee2a1bcd9a73?feed=true,Ngành khác / Chưa phân loại
37 phút trước - Cao Bả* Ng** đã ứng tuyển [HCM] Công Ty EAMGROUP Tuyển Dụng Nhân Viên Thu Mua Full-time 2026,Xem chi tiết tại link gốc,https://ybox.vn/tuyen-dung/hcm-cong-ty-eamgroup-tuyen-dung-nhan-vien-thu-mua-full-time-2026-6a2a1cc53ad2f5272bcdab16?feed=true,Ngành khác / Chưa phân loại
38 phút trước - Nguyễn Ph**** Du** đã ứng tuyển [HN] Tập Đoàn Công Nghệ NOVAON  Tuyển Dụng Thực Tập Sinh Kế Toán Full-time 2026,Xem chi tiết tại link gốc,https://ybox.vn/tuyen-dung/hn-tap-doan-cong-nghe-novaon-tuyen-dung-thuc-tap-sinh-ke-toan-full-time-2026-6a2a751f36c2fe272cd976d3?feed=true,Ngành khác / Chưa phân loại
39 phút trước - Nhà Tuyển Dụng đã xem CV ứng viên Diệp Hi** Th*** [Online-HCM] Công Ty NETGROUP Tuyển Dụng Thực Tập Sinh Marketing Part-time 2026,Xem chi tiết tại link gốc,https://ybox.vn/tuyen-dung/online-hcm-cong-ty-netgroup-tuyen-dung-thuc-tap-sinh-marketing-part-time-2026-6a2f5d353ad2f5272bce78f5?feed=true,Ngành khác / Chưa phân loại
41 phút trước - Nhà Tuyển Dụng đã xem CV ứng viên Võ Qu*** Nh* [HCM] Tập Đoàn Bán Lẻ Central Retail Vietnam Tuyển Dụng Thực Tập Sinh Commercial Full-time 2025,Xem chi tiết tại link gốc,https://ybox.vn/tuyen-dung/hcm-tap-doan-ban-le-central-retail-vietnam-tuyen-dung-thuc-tap-sinh-commercial-full-time-2025-6a310fdc8856282656c6fcb7?feed=true,Ngành khác / Chưa phân loại
41 phút trước - Nhà Tuyển Dụng đã xem CV ứng viên Nguyễn Kh*** Th** [HN] Công Ty Phong Cách Âu Châu EUROSTYLE Tuyển Dụng Nhân Viên Marketing Full-time 2026,Xem chi tiết tại link gốc,https://ybox.vn/tuyen-dung/hn-cong-ty-phong-cach-au-chau-eurostyle-tuyen-dung-nhan-vien-marketing-full-time-2026-6a33c3f1f8d23c23c1742614?feed=true,Ngành khác / Chưa phân loại
41 phút trước - Nhà Tuyển Dụng đã xem CV ứng viên Hàn Th* Th* Th** [HCM] Tổ Chức Giáo Dục Nisai Global School Tuyển Dụng Nhân Viên Web Developer (Junior) Full-time 2026,Xem chi tiết tại link gốc,https://ybox.vn/tuyen-dung/hcm-to-chuc-giao-duc-nisai-global-school-tuyen-dung-nhan-vien-web-developer-junior-full-time-2026-6a27b6cd36c2fe272cd8fa27?feed=true,Công nghệ thông tin
41 phút trước - Dương Cẩ* Vâ* đã ứng tuyển [HCM] Công Ty Fine Scandinavia Tuyển Dụng Thực Tập Sinh Chuỗi Cung Ứng/Sản Xuất/Marketing/Phát Triển Sản Phẩm/Kế Toán/Hành Chính Nhân Sự Full-time 2026,Xem chi tiết tại link gốc,https://ybox.vn/tuyen-dung/hcm-cong-ty-fine-scandinavia-tuyen-dung-thuc-tap-sinh-chuoi-cung-ung-san-xuat-marketing-phat-trien-san-pham-ke-toan-hanh-chinh-nhan-su-full-time-2026-6a33a056f8d23c23c1741c9c?feed=true,Ngành khác / Chưa phân loại
42 phút trước - Nhà Tuyển Dụng đã xem CV ứng viên Dương Ng**** Hà My [HCM] Trung Tâm Anh Ngữ ILA Tuyển Dụng Thực Tập Sinh Trade Marketing Full-time 2026,Xem chi tiết tại link gốc,https://ybox.vn/tuyen-dung/hcm-trung-tam-anh-ngu-ila-tuyen-dung-thuc-tap-sinh-trade-marketing-full-time-2026-6a34effdd453ee2a1bce3320?feed=true,Ngành khác / Chưa phân loại
43 phút trước - Phạm Th* Ng** Tu*** đã ứng tuyển [HCM] Công Ty LG Vina Cosmetics Tuyển Dụng Thực Tập Sinh Marketing Full-time 2026,Xem chi tiết tại link gốc,https://ybox.vn/tuyen-dung/hcm-cong-ty-lg-vina-cosmetics-tuyen-dung-thuc-tap-sinh-marketing-full-time-2026-6a3505422dbbb5273c84d425?feed=true,Ngành khác / Chưa phân loại
43 phút trước - Nhà Tuyển Dụng đã xem CV ứng viên Phạm Th* Ma* An* [HN] Thương Hiệu Thời Trang Mono Talk Tuyển Dụng Chuyên Viên Brand & Content Marketing/Marketing Full-time 2026,Xem chi tiết tại link gốc,https://ybox.vn/tuyen-dung/hn-thuong-hieu-tho-i-trang-mono-talk-tuye-n-du-ng-chuyen-vien-brand-and-content-marketing-marketing-full-time-2026-6a1fa07f3604f572a386ebe0?feed=true,Ngành khác / Chưa phân loại
43 phút trước - Nhà Tuyển Dụng đã xem CV ứng viên Phạm Đì** Kh*** [HCM] Công Ty Thời Trang Và Mỹ Phẩm ACFC Vietnam Tuyển Dụng Thực Tập Sinh Marketing Full-time 2026,Xem chi tiết tại link gốc,https://ybox.vn/tuyen-dung/hcm-cong-ty-thoi-trang-va-my-pham-acfc-vietnam-tuyen-dung-thuc-tap-sinh-marketing-full-time-2026-6a34ad1d2dbbb5273c84c4ef?feed=true,Ngành khác / Chưa phân loại
44 phút trước - Nguyễn Ho** An đã ứng tuyển [HN] Công Ty F.Learning Studio Tuyển Dụng Thực Tập Sinh Account Full-time 2026,Xem chi tiết tại link gốc,https://ybox.vn/tuyen-dung/hn-cong-ty-f-learning-studio-tuyen-dung-thuc-tap-sinh-account-full-time-2026-6a2bab5f36c2fe272cd9a8d9?feed=true,Ngành khác / Chưa phân loại
"44 phút trước - Cao Bả* Ng** đã ứng tuyển [HCM] Công Ty Lotte Vina International Tuyển Dụng Thực Tập Sinh Phiên Dịch Kiêm Phiên Dịch, Nhân Viên Xuất Khẩu (Chuyên Thủy Sản) Full-time 2026",Xem chi tiết tại link gốc,https://ybox.vn/tuyen-dung/hcm-cong-ty-lotte-vina-international-tuyen-dung-thuc-tap-sinh-phien-dich-kiem-phien-dich-nhan-vien-xuat-khau-chuyen-thuy-san-full-time-2026-6a2a50fce835ed27183b36b8?feed=true,Ngành khác / Chưa phân loại
44 phút trước - Nguyễn Đỗ Kh*** Ng** đã ứng tuyển [HCM] Công Ty Mỹ Phẩm MEISHANG Việt Nam Tuyển Dụng Thực Tập Sinh Graphic Design Full-time 2026,Xem chi tiết tại link gốc,https://ybox.vn/tuyen-dung/hcm-cong-ty-my-pham-meishang-viet-nam-tuyen-dung-thuc-tap-sinh-graphic-design-full-time-2026-6a15a12e768a637bfa057e7c?feed=true,Ngành khác / Chưa phân loại
"47 phút trước - Nhà Tuyển Dụng đã xem CV ứng viên ĐÀO TH* HÀ [HCM] Công Ty Thuốc Lá British American Tobacco (BAT) Việt Nam Tuyển Dụng Consumer Activation Specialist, Trade Admin & Analyst Full-time 2026",Xem chi tiết tại link gốc,https://ybox.vn/tuyen-dung/hcm-cong-ty-thuoc-la-british-american-tobacco-bat-viet-nam-tuyen-dung-consumer-activation-specialist-trade-admin-and-analyst-full-time-2026-6a27c9893ad2f5272bcd4345?feed=true,Công nghệ thông tin
47 phút trước - Nhà Tuyển Dụng đã xem CV ứng viên Nguyễn Tấ* Ph** [HCM] Công Ty PWC Pickleball Tuyển Dụng Thực Tập Sinh Marketing Full-time 2026,Xem chi tiết tại link gốc,https://ybox.vn/tuyen-dung/hcm-cong-ty-pwc-pickleball-tuyen-dung-thuc-tap-sinh-marketing-full-time-2026-6a33c9efd453ee2a1bce04fd?feed=true,Ngành khác / Chưa phân loại
48 phút trước - Nhà Tuyển Dụng đã xem CV ứng viên Phạm Dư*** Th*** Đạ* [HCM] Công Ty Nestlé Vietnam Tuyển Dụng Thực Tập Sinh Marketing Full-time 2026,Xem chi tiết tại link gốc,https://ybox.vn/tuyen-dung/hcm-cong-ty-nestle-vietnam-tuyen-dung-thuc-tap-sinh-marketing-full-time-2026-6a13acc31edbb84fb190825b?feed=true,Ngành khác / Chưa phân loại
49 phút trước - Nhà Tuyển Dụng đã xem CV ứng viên Võ Th* Uy** [HN] Công Ty Thương Mại Điện Tử & Logistics Quốc Tế Kolabuy Australia Tuyển Dụng Thực Tập Sinh Vận Hành Ecommerce - Logistics Full-time 2026,Xem chi tiết tại link gốc,https://ybox.vn/tuyen-dung/hn-cong-ty-thuong-mai-dien-tu-and-logistics-quoc-te-kolabuy-australia-tuyen-dung-thuc-tap-sinh-van-hanh-ecommerce-logistics-full-time-2026-6a1e2f113604f572a386a886?feed=true,Ngành khác / Chưa phân loại
52 phút trước - Nhà Tuyển Dụng đã xem CV ứng viên Võ Hồ** Kh*** [HCM] Công Ty Chứng Khoán Rồng Việt Tuyển Dụng Thực Tập Sinh Ngân Hàng Đầu Tư Part-time/Full-time 2026,Xem chi tiết tại link gốc,https://ybox.vn/tuyen-dung/hcm-cong-ty-chung-khoan-rong-viet-tuyen-dung-thuc-tap-sinh-ngan-hang-dau-tu-part-time-full-time-2026-6a3225262dbbb5273c84587f?feed=true,Ngành khác / Chưa phân loại
54 phút trước - Nhà Tuyển Dụng đã xem CV ứng viên Phạm Ng**** Uy** Nh* [HCM] Công Ty Truyền Thông Và Công Nghệ VCCORP Tuyển Dụng Thực Tập Sinh Hành Chính Nhân Sự Full-time 2026,Xem chi tiết tại link gốc,https://ybox.vn/tuyen-dung/hcm-cong-ty-truyen-thong-va-cong-nghe-vccorp-tuyen-dung-thuc-tap-sinh-hanh-chinh-nhan-su-full-time-2026-6a2646d736c2fe272cd8b932?feed=true,Ngành khác / Chưa phân loại
55 phút trước - Nhà Tuyển Dụng đã xem CV ứng viên Nguyễn Th* La* [HCM] Công Ty Xa Lộ Media Tuyển Dụng Thực Tập Sinh Marketing/Vận Hành Part-time/Full-time 2026,Xem chi tiết tại link gốc,https://ybox.vn/tuyen-dung/hcm-cong-ty-xa-lo-media-tuyen-dung-thuc-tap-sinh-marketing-van-hanh-part-time-full-time-2026-6a1d4cad6788ca7292aeb5d9?feed=true,Ngành khác / Chưa phân loại
57 phút trước - Nhà Tuyển Dụng đã xem CV ứng viên Luong Gi* Mi** [HN] Công Ty Viet Analytics Tuyển Dụng Thực Tập Sinh Trợ lý Giám đốc / Thực tập sinh Nghiên cứu viên Full-time 2026,Xem chi tiết tại link gốc,https://ybox.vn/tuyen-dung/hn-cong-ty-viet-analytics-tuyen-dung-thuc-tap-sinh-tro-ly-giam-doc-thuc-tap-sinh-nghien-cuu-vien-full-time-2026-6a33710af8d23c23c174134e?feed=true,Ngành khác / Chưa phân loại
1 giờ trước - Nhà Tuyển Dụng đã xem CV ứng viên Sái Ho*** An* [HN] Trung Tâm Chuyển Hoá Tài Chính Thịnh Vượng WETRA Tuyển Dụng Thực Tập Sinh Tư Vấn Khóa Học Tài Chính Và Chứng Khoán Part-time 2026,Xem chi tiết tại link gốc,https://ybox.vn/tuyen-dung/hn-trung-tam-chuyen-hoa-tai-chinh-thinh-vuong-wetra-tuyen-dung-thuc-tap-sinh-tu-van-khoa-hoc-tai-chinh-va-chung-khoan-part-time-2026-6a2fa0b33ad2f5272bce866f?feed=true,Ngành khác / Chưa phân loại
1 giờ trước - Nhà Tuyển Dụng đã xem CV ứng viên Trần Hồ** Ph**** [HN] Công Ty Cung Cấp Gia Dụng Nemi House Tuyển Dụng Nhân Viên Truyền Thông Nội Bộ Kiêm Tuyển Dụng Full-time 2026,Xem chi tiết tại link gốc,https://ybox.vn/tuyen-dung/hn-cong-ty-cung-cap-gia-dung-nemi-house-tuyen-dung-nhan-vien-truyen-thong-noi-bo-kiem-tuyen-dung-full-time-2026-6a34bab8d453ee2a1bce28dd?feed=true,Ngành khác / Chưa phân loại
1 giờ trước - Nhà Tuyển Dụng đã xem CV ứng viên Nguyen Ph** Mi** Kh** [HCM] Công Ty Sản Xuất Máy Móc Công Nghiệp SKF Tuyển Dụng Thực Tập Sinh Logistics Assistant Full-time 2026,Xem chi tiết tại link gốc,https://ybox.vn/tuyen-dung/hcm-cong-ty-san-xuat-may-moc-cong-nghiep-skf-tuyen-dung-thuc-tap-sinh-logistics-assistant-full-time-2026-6a0bcfb0582ea202f2eb6016?feed=true,Ngành khác / Chưa phân loại
1 giờ trước - Nhà Tuyển Dụng đã xem CV ứng viên Vũ Ng**** Mi** An* [Online-HCM] Công Ty Flying English Tuyển Dụng Trợ Giảng Part-time 2026,Xem chi tiết tại link gốc,https://ybox.vn/tuyen-dung/online-hcm-cong-ty-flying-english-tuyen-dung-tro-giang-part-time-2026-6a3672298856282656c7e148?feed=true,Ngành khác / Chưa phân loại
1 giờ trước - Nhà Tuyển Dụng đã xem CV ứng viên HUỲNH MI** PH**** [HCM] Công Ty Lotte Vina International Tuyển Dụng Thực Tập Sinh Kế Toán/Xuất Khẩu/Phiên Dịch Tiếng Anh Full-time 2026,Xem chi tiết tại link gốc,https://ybox.vn/tuyen-dung/hcm-cong-ty-lotte-vina-international-tuyen-dung-thuc-tap-sinh-ke-toan-xuat-khau-phien-dich-tieng-anh-full-time-2026-69fb14c73fe5dd030a655921?feed=true,Ngành khác / Chưa phân loại
1 giờ trước - Nhà Tuyển Dụng đã xem CV ứng viên Quách Th* Mỹ Hi** [HCM] Công Ty Healthy Care Việt Nam Tuyển Dụng Nhân Viên TikTok Content Creator Full-time 2026,Xem chi tiết tại link gốc,https://ybox.vn/tuyen-dung/hcm-cong-ty-healthy-care-viet-nam-tuyen-dung-nhan-vien-tiktok-content-creator-full-time-2026-6a32565f8856282656c734c0?feed=true,Ngành khác / Chưa phân loại
"1 giờ trước - Nhà Tuyển Dụng đã xem CV ứng viên Nguyễn Th* Hồ** Nh*** [Online-ĐN] Trung Tâm Anh Ngữ Tommy English Tuyển Dụng Nhân Viên Tư Vấn - Chăm Sóc Khách Hàng, Giáo Viên Tiếng Anh Online Part-time/Full-time 2026",Xem chi tiết tại link gốc,https://ybox.vn/tuyen-dung/online-dn-trung-tam-anh-ngu-tommy-english-tuyen-dung-nhan-vien-tu-van-cham-soc-khach-hang-giao-vien-tieng-anh-online-part-time-full-time-2026-6a30ca01f8d23c23c1739f02?feed=true,Ngành khác / Chưa phân loại
"1 giờ trước - Nhà Tuyển Dụng đã xem CV ứng viên Trần Hồ** Ph**** [HN] Hệ Thống Giáo Dục HOCMAI.VN Tuyển Dụng Nhân Viên Truyền Thông Nội Bộ/Truyền Thông/Marketing Phát Triển Cộng Đồng, Trợ Giảng/Giáo Viên Toán Full-time 2026",Xem chi tiết tại link gốc,https://ybox.vn/tuyen-dung/hn-he-thong-giao-duc-hocmai-vn-tuyen-dung-nhan-vien-truyen-thong-noi-bo-truyen-thong-marketing-phat-trien-cong-dong-tro-giang-giao-vien-toan-full-time-2026-6a27980ae835ed27183ac1f7?feed=true,Ngành khác / Chưa phân loại
1 giờ trước - Nhà Tuyển Dụng đã xem CV ứng viên Lâm Ho*** Li** [HCM] Công Ty Mingo Ice Cream Tuyển Dụng Thực Tập Sinh/Nhân Viên Content Marketing Full-time 2026,Xem chi tiết tại link gốc,https://ybox.vn/tuyen-dung/hcm-cong-ty-mingo-ice-cream-tuyen-dung-thuc-tap-sinh-nhan-vien-content-marketing-full-time-2026-6a2fc068e2fd0219112c2e73?feed=true,Ngành khác / Chưa phân loại
1 giờ trước - Nhà Tuyển Dụng đã xem CV ứng viên lâm nh** hu* [Online-Toàn Quốc] Dự Án Việt Cổ Truyện Tuyển Dụng Tình Nguyện Viên UI/UX/Illustrator/2D & 3D Designer/Video Editor/Biên Tập Nội Dung/Biên Phiên Dịch Part-time 2026,Xem chi tiết tại link gốc,https://ybox.vn/tuyen-dung/online-toan-quoc-du-an-viet-co-truyen-tuyen-dung-tinh-nguyen-vien-ui-ux-illustrator-2d-and-3d-designer-video-editor-bien-tap-noi-dung-bien-phien-dich-part-time-2026-6a2fb73d37d433161e5d3b80?feed=true,Công nghệ thông tin
[HCM] Công Ty Nestlé Vietnam Tuyển Dụng Thực Tập Sinh Marketing Full-time 2026,Xem chi tiết tại link gốc,https://ybox.vn/tuyen-dung/hcm-cong-ty-nestle-vietnam-tuyen-dung-thuc-tap-sinh-marketing-full-time-2026-6a13acc31edbb84fb190825b,Ngành khác / Chưa phân loại
[Online] Blog Tâm Lý Học & Tâm Lý Con Người Tuyển Dụng Thành Viên Ban Translate/Podcast/HR Part-time 2026,Xem chi tiết tại link gốc,https://ybox.vn/tuyen-dung/online-blog-tam-ly-hoc-and-tam-ly-con-nguoi-tuyen-dung-thanh-vien-ban-translate-podcast-hr-part-time-2026-6a2821f03ad2f5272bcd5664,Ngành khác / Chưa phân loại
"[HCM] Công Ty Vietnam Land Tuyển Dụng Nhân Viên Và Sales & Marketing Dự Án Trainee Full-time 2026 (Không Yêu Cầu Kinh Nghiệm, Lương Cứng Tối Thiểu 7-10 Triệu, Chi Phí Marketing)",Xem chi tiết tại link gốc,https://ybox.vn/tuyen-dung/hcm-cong-ty-vietnam-land-tuyen-dung-nhan-vien-va-sales-and-marketing-du-an-trainee-full-time-2026-khong-yeu-cau-kinh-nghiem-luong-cung-toi-thieu-7-10-trieu-chi-phi-marketing-69f80ebd582ea202f2e83d1d,Ngành khác / Chưa phân loại
[HCM/Long An] Công Ty La Vie Tuyển Dụng Thực Tập Sinh Chuỗi Cung Ứng Full-time 2026 (Có Xe Đưa Đón),Xem chi tiết tại link gốc,https://ybox.vn/tuyen-dung/hcm-long-an-cong-ty-la-vie-tuyen-dung-thuc-tap-sinh-chuoi-cung-ung-full-time-2026-co-xe-dua-don-6a263abee835ed27183a8492,Ngành khác / Chưa phân loại
"[Gia Lâm/Ocean Park 2] Công Ty Kiến Trúc Xây Dựng Đại Hưng Tuyển Dụng Nhân Viên Full-time/Part-time: Kinh Doanh, Kế Toán, Kỹ Sư, Digital Marketing, Pháp Chế 2026 (Không Yêu Cầu Kinh Nghiệm, Lương Cơ Bản 8 -12 Triệu, Thu Nhập 12 - 30 Triệu)",Xem chi tiết tại link gốc,https://ybox.vn/tuyen-dung/gia-lam-ocean-park-2-cong-ty-kien-truc-xay-dung-dai-hung-tuyen-dung-nhan-vien-full-time-part-time-kinh-doanh-ke-toan-ky-su-digital-marketing-phap-che-2026-khong-yeu-cau-kinh-nghiem-luong-co-ban-8-12-trieu-thu-nhap-12-30-trieu-69cca0744ef5ef7d9d7c15d9,Công nghệ thông tin
[HCM] Tập Đoàn Bán Lẻ Central Retail Vietnam Tuyển Dụng Thực Tập Sinh Import Logistics Full-time 2026,Xem chi tiết tại link gốc,https://ybox.vn/tuyen-dung/hcm-tap-doan-ban-le-central-retail-vietnam-tuyen-dung-thuc-tap-sinh-import-logistics-full-time-2026-6a2a778a3ad2f5272bcdbc7e,Ngành khác / Chưa phân loại
"[HCM] Công Ty Xuất Nhập Khẩu Gỗ Thanh Tùng Thịnh Tuyển Dụng Nhân Viên Kinh Doanh Quốc Tế Full-time 2026 (Thu Nhập Upto 20 Triệu/Tháng, Không Yêu Cầu Kinh Nghiệm)",Xem chi tiết tại link gốc,https://ybox.vn/tuyen-dung/hcm-cong-ty-xuat-nhap-khau-go-thanh-tung-thinh-tuyen-dung-nhan-vien-kinh-doanh-quoc-te-full-time-2026-thu-nhap-upto-20-trieu-thang-khong-yeu-cau-kinh-nghiem-6a33a8c32dbbb5273c849b05,Ngành khác / Chưa phân loại
"[Miền Trung] Chương Trình Tuyển Dụng ""Trở Thành Giám Sát Trẻ Tài Năng - CDFresh 2026 "" Tại Tập Đoàn Đa Quốc Gia Unilever",Xem chi tiết tại link gốc,https://ybox.vn/tuyen-dung/mien-trung-chuong-trinh-tuyen-dung-tro-thanh-giam-sat-tre-tai-nang-cdfresh-2026-tai-tap-doan-da-quoc-gia-unilever-6a0fd696b40ac14f9183c299,Ngành khác / Chưa phân loại
"[Online-HCM] Hệ Thống Trung Tâm Kyna English Tuyển Dụng Part-time/Full-time: Giáo Viên Tiếng Anh Online, Giáo Viên Lớp Demo, Giáo Viên Tiếng Trung, Tư Vấn Tuyển Sinh 2026 (Không Yêu Cầu Kinh Nghiệm, Mức Lương: 2-10 Triệu/Tháng)",Xem chi tiết tại link gốc,https://ybox.vn/tuyen-dung/online-hcm-he-thong-trung-tam-kyna-english-tuyen-dung-part-time-full-time-giao-vien-tieng-anh-online-giao-vien-lop-demo-giao-vien-tieng-trung-tu-van-tuyen-sinh-2026-khong-yeu-cau-kinh-nghiem-muc-luong-2-10-trieu-thang-6a27d261d38c932713f9f7af,Ngành khác / Chưa phân loại
[HN] Chương Trình Tuyển Dụng Restaurant Manager Trainee Program 2026 Tại Tập Đoàn Chuỗi Nhà Hàng Golden Gate Group Dành Cho Sinh Viên Mới Tốt Nghiệp & Dưới 2 Năm Kinh Nghiệm (Thu Nhập 30-50 Triệu/Tháng Sau Bổ Nhiệm),Xem chi tiết tại link gốc,https://ybox.vn/tuyen-dung/hn-chuong-trinh-tuyen-dung-restaurant-manager-trainee-program-2026-tai-tap-doan-chuoi-nha-hang-golden-gate-group-danh-cho-sinh-vien-moi-tot-nghiep-and-duoi-2-nam-kinh-nghiem-thu-nhap-30-50-trieu-thang-sau-bo-nhiem-6a291e3636c2fe272cd938ab,Ngành khác / Chưa phân loại
[HCM] Trung Tâm MM Mega Market Việt Nam Tuyển Dụng Thực Tập Sinh Procurement Full-time 2026,Xem chi tiết tại link gốc,https://ybox.vn/tuyen-dung/hcm-trung-tam-mm-mega-market-viet-nam-tuyen-dung-thuc-tap-sinh-procurement-full-time-2026-6a268152d38c932713f9bd85,Ngành khác / Chưa phân loại
"[HCM] Tập Đoàn Ô Tô Mercedes-Benz Việt Nam Tuyển Dụng Thực Tập Sinh Nhân Sự/Marketing Event & PR/CS Marketing & Sales/PDC Steering, Optimization & Clearing Fullt-ime 2026",Xem chi tiết tại link gốc,https://ybox.vn/tuyen-dung/hcm-tap-doan-o-to-mercedes-benz-viet-nam-tuyen-dung-thuc-tap-sinh-nhan-su-marketing-event-and-pr-cs-marketing-and-sales-pdc-steering-optimization-and-clearing-fullt-ime-2026-6a2a5992d38c932713fa6785,Công nghệ kỹ thuật ô tô
"[HN/HCM/Quảng Ninh/Thanh Hóa] AEONMALL Việt Nam Tuyển Dụng Nhân Viên Kế Toán, Marketing, Hành Chính, Đào Tạo, Phát Triển, Kinh Doanh, Vận Hành, Cơ Sở Vật Chất & An Ninh, Công Nghệ Thông Tin Full-time 2026 (Mức Lương 8-15 Triệu/Tháng)",Xem chi tiết tại link gốc,https://ybox.vn/tuyen-dung/hn-hcm-quang-ninh-thanh-hoa-aeonmall-viet-nam-tuyen-dung-nhan-vien-ke-toan-marketing-hanh-chinh-dao-tao-phat-trien-kinh-doanh-van-hanh-co-so-vat-chat-and-an-ninh-cong-nghe-thong-tin-full-time-2026-muc-luong-8-15-trieu-thang-6a2f98c536c2fe272cda3643,Ngành khác / Chưa phân loại
"[Hybrid-HN] Hệ Thống Anh Ngữ StarLink Tuyển Dụng Full-time/Part-time: Học Thuật, Phó Phòng Đào Tạo, Trợ Giảng Tiếng Anh, Giáo Viên, Quản Lý Lớp Học 2026",Xem chi tiết tại link gốc,https://ybox.vn/tuyen-dung/hybrid-hn-he-thong-anh-ngu-starlink-tuyen-dung-full-time-part-time-hoc-thuat-pho-phong-dao-tao-tro-giang-tieng-anh-giao-vien-quan-ly-lop-hoc-2026-6a2a869ce835ed27183b4110,Ngành khác / Chưa phân loại
[Online-HN] Liên Đoàn Lãnh Đạo Và Doanh Nhân Trẻ Thế Giới JCI Tuyển Dụng Tình Nguyện Viên Ban Sự Kiện/Ban Đối Ngoại/Ban Thư Ký/Ban Truyền Thông Part-time 2026,Xem chi tiết tại link gốc,https://ybox.vn/tuyen-dung/online-hn-lien-doan-lanh-dao-va-doanh-nhan-tre-the-gioi-jci-tuyen-dung-tinh-nguyen-vien-ban-su-kien-ban-doi-ngoai-ban-thu-ky-ban-truyen-thong-part-time-2026-6a2b707136c2fe272cd99ee7,Ngành khác / Chưa phân loại
[HN] Công Ty Dịch Vụ Thông Tin Tài Chính FIINGROUP Tuyển Dụng Thực Tập Sinh Nghiên Cứu Thị Trường Full-time 2026,Xem chi tiết tại link gốc,https://ybox.vn/tuyen-dung/hn-cong-ty-dich-vu-thong-tin-tai-chinh-fiingroup-tuyen-dung-thuc-tap-sinh-nghien-cuu-thi-truong-full-time-2026-6a2b7c5b36c2fe272cd9a111,Ngành khác / Chưa phân loại
"[HN] Công Ty Chứng Khoán VPBS - VPBank Securities Tuyển Dụng Nhân Viên & Thực Tập Sinh Tư Vấn Full-time/Part-time 2026 (Không Yêu Cầu Kinh Nghiệm, Thu Nhập 12-25 Triệu/Tháng)",Xem chi tiết tại link gốc,https://ybox.vn/tuyen-dung/hn-cong-ty-chung-khoan-vpbs-vpbank-securities-tuyen-dung-nhan-vien-and-thuc-tap-sinh-tu-van-full-time-part-time-2026-khong-yeu-cau-kinh-nghiem-thu-nhap-12-25-trieu-thang-6a2b67f3e835ed27183b62aa,Công nghệ thông tin
[HCM] Thương Hiệu Fox Spirit Film Tuyển Dụng Nhân Viên Cửa Hàng Kiêm Marketing Và Vận Hành Dịch Vụ Part-time 2026 (Không Yêu Cầu Kinh Nghiệm),Xem chi tiết tại link gốc,https://ybox.vn/tuyen-dung/hcm-thuong-hieu-fox-spirit-film-tuyen-dung-nhan-vien-cua-hang-kiem-marketing-va-van-hanh-dich-vu-part-time-2026-khong-yeu-cau-kinh-nghiem-6a2b9e89e835ed27183b6e10,Công nghệ thông tin
[Online - Toàn Quốc] Dự Án iReviewsach.com Tuyển Dụng Tình Nguyện Viên Nội Dung & Dịch Thuật 2023 (Có Giấy Chứng Nhận),Xem chi tiết tại link gốc,https://ybox.vn/tuyen-dung/online-toan-quoc-du-an-ireviewsach-com-tuyen-dung-tinh-nguyen-vien-noi-dung-and-dich-thuat-2023-co-giay-chung-nhan-63c4d6e0f456575e93d94ef4,Ngành khác / Chưa phân loại
"[HCM] Công Ty V Teams Tuyển Dụng Nhân Viên Graduate Program – Accounting & Tax (International Track), Office Administrator & Executive Assistant Full-time 2026 (Không Yêu Cầu Kinh Nghiệm, Thu Nhập 10-18 Triệu/Tháng)",Xem chi tiết tại link gốc,https://ybox.vn/tuyen-dung/hcm-cong-ty-v-teams-tuyen-dung-nhan-vien-graduate-program-accounting-and-tax-international-track-office-administrator-and-executive-assistant-full-time-2026-khong-yeu-cau-kinh-nghiem-thu-nhap-10-18-trieu-thang-69f193c8582ea202f2e76ff5,Ngành khác / Chưa phân loại
"[Online] Công Ty Phần Mềm Toàn Cầu 1minAI Tuyển Dụng Chuyên Viên Marketing Full-time 2026 (Thu Nhập 10 - 20 Triệu, Không Yêu Cầu Kinh Nghiệm)",Xem chi tiết tại link gốc,https://ybox.vn/tuyen-dung/online-cong-ty-phan-mem-toan-cau-1minai-tuyen-dung-chuyen-vien-marketing-full-time-2026-thu-nhap-10-20-trieu-khong-yeu-cau-kinh-nghiem-6a0d385473257002f7513042,Công nghệ thông tin
[HCM] Công Ty Thai Binh Corporation Tuyển Dụng Thực Tập Sinh Kế Toán Full-time 2026,Xem chi tiết tại link gốc,https://ybox.vn/tuyen-dung/hcm-cong-ty-thai-binh-corporation-tuyen-dung-thuc-tap-sinh-ke-toan-full-time-2026-6a38aeac4686825d427ef7c1,Ngành khác / Chưa phân loại
Tuyển Dụng Mẹ Gấu Pilates,Xem chi tiết tại link gốc,https://ybox.vn/profile/me-gau-pilates/posts,Ngành khác / Chưa phân loại
"[Remote-HN] Công Ty Mẹ Gấu Pilates Tuyển Dụng Part-time/Full-time: Nhân Viên Kinh Doanh, Content Marketing Online, Hành Chính Nhân Sự Admin Vận Hành, Huấn Luyện Viên 2026 (Không Yêu Cầu Kinh Nghiệm, Thu Nhập Upto 15-30 Triệu/Tháng, Tập Pilates Miễn Phí)",Xem chi tiết tại link gốc,https://ybox.vn/tuyen-dung/remote-hn-cong-ty-me-gau-pilates-tuyen-dung-part-time-full-time-nhan-vien-kinh-doanh-content-marketing-online-hanh-chinh-nhan-su-admin-van-hanh-huan-luyen-vien-2026-khong-yeu-cau-kinh-nghiem-thu-nhap-upto-15-30-trieu-thang-tap-pilates-mien-phi-69e09e9673257002f74a78a7,Ngành khác / Chưa phân loại
"[HN] Thương Hiệu Tiffany Wedding & Event Tuyển Dụng Thực Tập Sinh & Nhân Viên: Sales Wedding Planner, Marketing Media, Creator, SEO, Digital Ads, Sales Event, Thiết Kế, Kế Toán, Tổ Chức Sự Kiện, Kế Toán & Hành Chính Full-time 2026",Xem chi tiết tại link gốc,https://ybox.vn/tuyen-dung/hn-thuong-hieu-tiffany-wedding-and-event-tuyen-dung-thuc-tap-sinh-and-nhan-vien-sales-wedding-planner-marketing-media-creator-seo-digital-ads-sales-event-thiet-ke-ke-toan-to-chuc-su-kien-ke-toan-and-hanh-chinh-full-time-2026-6a2a308836c2fe272cd9687c,Công nghệ thông tin
[HN] Trung Tâm Anh Ngữ GLN & JOLO Tuyển Dụng Nhân Viên Sales Khóa Học Tiếng Anh Part-time/Full-time 2026,Xem chi tiết tại link gốc,https://ybox.vn/tuyen-dung/hn-trung-tam-anh-ngu-gln-and-jolo-tuyen-dung-nhan-vien-sales-khoa-hoc-tieng-anh-part-time-full-time-2026-6a38ab834686825d427ef74a,Ngành khác / Chưa phân loại
"[Toàn Quốc] DOL ENGLISH Đình Lực Tuyển Dụng Nhân Viên Part-time/Full-time: Junior IELTS Teacher, Giáo Viên, Tư Vấn Tuyển Sinh, Marketing, Entrance Tester, Content Advertising, Design, Social Community, Chăm Sóc Khách Hàng, Hành Chính Admin 2026 (For Fresher & Experienced, Từ Sinh Viên Năm 1)",Xem chi tiết tại link gốc,https://ybox.vn/tuyen-dung/toan-quoc-dol-english-dinh-luc-tuyen-dung-nhan-vien-part-time-full-time-junior-ielts-teacher-giao-vien-tu-van-tuyen-sinh-marketing-entrance-tester-content-advertising-design-social-community-cham-soc-khach-hang-hanh-chinh-admin-2026-for-fresher-and-experienced-tu-sinh-vien-nam-1-6a2a2b71d38c932713fa5f1e,Công nghệ thông tin
"[Remote-HCM] Ứng Dụng Chụp Ảnh SNOW Việt Nam Tuyển Dụng Thực Tập Sinh LINE Camera Marketing Full-time 2026 (Mức Lương: 3,000,000 VNĐ/ Tháng)",Xem chi tiết tại link gốc,https://ybox.vn/tuyen-dung/remote-hcm-ung-dung-chup-anh-snow-viet-nam-tuyen-dung-thuc-tap-sinh-line-camera-marketing-full-time-2026-muc-luong-3-000-000-vnd-thang-6a34b48a2dbbb5273c84c655,Ngành khác / Chưa phân loại
[HCM] Công Ty Pegasi Recruitment Tuyển Dụng Nhân Viên Tư Vấn Tuyển Dụng - Recruitment Consultant 2026 (Không Yêu Cầu Kinh Nghiệm),Xem chi tiết tại link gốc,https://ybox.vn/tuyen-dung/hcm-cong-ty-pegasi-recruitment-tuyen-dung-nhan-vien-tu-van-tuyen-dung-recruitment-consultant-2026-khong-yeu-cau-kinh-nghiem-6a2f621b3ad2f5272bce7a09,Công nghệ thông tin
[HN] Công Ty X-CRAFT Tuyển Dụng Nhân Viên Chăm Sóc Khách Hàng Tiếng Pháp Full-time 2026,Xem chi tiết tại link gốc,https://ybox.vn/tuyen-dung/hn-cong-ty-x-craft-tuyen-dung-nhan-vien-cham-soc-khach-hang-tieng-phap-full-time-2026-6a325623d453ee2a1bcdc391,Ngành khác / Chưa phân loại
[HN/Khác] Công Ty Tong Garden Food Marketing Việt Nam Tuyển Dụng Nhân Viên Sales Thị Trường Full-time 2026 (Lương Cứng: 10 Triệu),Xem chi tiết tại link gốc,https://ybox.vn/tuyen-dung/hn-khac-cong-ty-tong-garden-food-marketing-viet-nam-tuyen-dung-nhan-vien-sales-thi-truong-full-time-2026-luong-cung-10-trieu-69f030bf3fe5dd030a63ba91,Ngành khác / Chưa phân loại
[HCM] Công Ty Mắt Bão BPO Tuyển Dụng Nhân Viên Chăm Sóc Khách Hàng Ngân Hàng TPBANK Full-time 2026,Xem chi tiết tại link gốc,https://ybox.vn/tuyen-dung/hcm-cong-ty-mat-bao-bpo-tuyen-dung-nhan-vien-cham-soc-khach-hang-ngan-hang-tpbank-full-time-2026-6a38a0f797d3ed5c835376fe,Ngành khác / Chưa phân loại
"[HCM] Thương Hiệu Thời Trang HAVIAS Tuyển Dụng Thực Tập Sinh Vận Hành Kinh Doanh/Thủ Kho - Sản Xuất/Kế Toán/Marketing SEO, Nhân Viên Kế Toán Full-time 2026",Xem chi tiết tại link gốc,https://ybox.vn/tuyen-dung/hcm-thuong-hieu-thoi-trang-havias-tuyen-dung-thuc-tap-sinh-van-hanh-kinh-doanh-thu-kho-san-xuat-ke-toan-marketing-seo-nhan-vien-ke-toan-full-time-2026-6a38a3ac97d3ed5c8353776f,Ngành khác / Chưa phân loại
[HN] Công Ty Chứng Khoán VNDIRECT Tuyển Dụng Nhân Viên & Thực Tập Sinh Tư Vấn Chứng Khoán Full-time 2026 (Không Yêu Cầu Kinh Nghiệm),Xem chi tiết tại link gốc,https://ybox.vn/tuyen-dung/hn-cong-ty-chung-khoan-vndirect-tuyen-dung-nhan-vien-and-thuc-tap-sinh-tu-van-chung-khoan-full-time-2026-khong-yeu-cau-kinh-nghiem-6a292e43d38c932713fa33db,Ngành khác / Chưa phân loại
"[HCM] Công Ty Thương Mại Du Lịch Sài Gòn Thời Đại Tuyển Dụng Thực Tập Sinh Sales Tour, Nhân Viên Kinh Doanh Full-time 2026",Xem chi tiết tại link gốc,https://ybox.vn/tuyen-dung/hcm-cong-ty-thuong-mai-du-lich-sai-gon-thoi-dai-tuyen-dung-thuc-tap-sinh-sales-tour-nhan-vien-kinh-doanh-full-time-2026-6a38980f2dbbb5273c855635,Ngành khác / Chưa phân loại
"[HCM] Công Ty AZTAX Tuyển Dụng Nhân Viên Chăm Sóc Khách Hàng, Chuyên Viên Điều Phối Full-time 2026",Xem chi tiết tại link gốc,https://ybox.vn/tuyen-dung/hcm-cong-ty-aztax-tuyen-dung-nhan-vien-cham-soc-khach-hang-chuyen-vien-dieu-phoi-full-time-2026-6a388e01f8d23c23c174d8da,Ngành khác / Chưa phân loại
[HCM] Công Ty Đầu Tư Premier Property Tuyển Dụng Nhân Viên Lễ Tân Văn Phòng Full-time 2026,Xem chi tiết tại link gốc,https://ybox.vn/tuyen-dung/hcm-cong-ty-dau-tu-premier-property-tuyen-dung-nhan-vien-le-tan-van-phong-full-time-2026-6a389f432dbbb5273c8557af,Ngành khác / Chưa phân loại
[Startup-HCM] Công Ty Công Nghệ & Dịch Vụ HERAMO Tuyển Dụng Thực Tập Sinh/Nhân Viên Tư Vấn Bán Hàng Và Chăm Sóc Khách Hàng Part-time 2026,Xem chi tiết tại link gốc,https://ybox.vn/tuyen-dung/startup-hcm-cong-ty-cong-nghe-and-dich-vu-heramo-tuyen-dung-thuc-tap-sinh-nhan-vien-tu-van-ban-hang-va-cham-soc-khach-hang-part-time-2026-6a380f94d453ee2a1bcea39d,Ngành khác / Chưa phân loại
[HN/HCM] Công Ty TNT Studio Kỷ Yếu Tuyển Dụng Nhân Viên Tư Vấn Kỷ Yếu/Nhân Viên Tư Vấn Kỷ Yếu (Ngành Cưới)/Content TikTok/Content TikTok (Ngành Cưới)/Kế Toán Nội Bộ/Hành Chính Nhân Sự/Hành Chính Nhân Sự (Ngành Cưới) Part-time/Full-time 2026,Xem chi tiết tại link gốc,https://ybox.vn/tuyen-dung/hn-hcm-cong-ty-tnt-studio-ky-yeu-tuyen-dung-nhan-vien-tu-van-ky-yeu-nhan-vien-tu-van-ky-yeu-nganh-cuoi-content-tiktok-content-tiktok-nganh-cuoi-ke-toan-noi-bo-hanh-chinh-nhan-su-hanh-chinh-nhan-su-nganh-cuoi-part-time-full-time-2026-6a389c69f8d23c23c174db0a,Ngành khác / Chưa phân loại
"[Online/Toàn Quốc] Công Ty Giáo Dục Edupia Tutor Tuyển Dụng Thực Tập Sinh/Nhân Viên Part-time: Gia Sư Tiếng Anh, Tuyển Dụng 2026 (Không Yêu Cầu Kinh Nghiệm, Mức Lương 2 - 16 Triệu/Tháng)",Xem chi tiết tại link gốc,https://ybox.vn/tuyen-dung/online-toan-quoc-cong-ty-giao-duc-edupia-tutor-tuyen-dung-thuc-tap-sinh-nhan-vien-part-time-gia-su-tieng-anh-tuyen-dung-2026-khong-yeu-cau-kinh-nghiem-muc-luong-2-16-trieu-thang-6a1e371d6788ca7292aed796,Ngành khác / Chưa phân loại
[HN] Nền Tảng Học Tiếng Anh Trực Tuyến Chip Chip Edu Tuyển Dụng Chuyên Viên Quản Lý Giáo Viên Nước Ngoài (Teacher Admin) Full-time 2026,Xem chi tiết tại link gốc,https://ybox.vn/tuyen-dung/hn-nen-tang-hoc-tieng-anh-truc-tuyen-chip-chip-edu-tuyen-dung-chuyen-vien-quan-ly-giao-vien-nuoc-ngoai-teacher-admin-full-time-2026-6a38a0dc8856282656c82d41,Ngành khác / Chưa phân loại
"[HN] Thương Hiệu Thời Trang GINKGO Tuyển Dụng Nhân Viên Bán Hàng Full-time/Part-time 2026 (Không Yêu Cầu Kinh Nghiệm, Thu Nhập: 8-12 Triệu + Thưởng)",Xem chi tiết tại link gốc,https://ybox.vn/tuyen-dung/hn-thuong-hieu-thoi-trang-ginkgo-tuyen-dung-nhan-vien-ban-hang-full-time-part-time-2026-khong-yeu-cau-kinh-nghiem-thu-nhap-8-12-trieu-thuong-6a1972d66788ca7292ae1ee7,Ngành khác / Chưa phân loại
[HN] Công Ty Mỹ Phẩm Thảo Dược Thiên Nhiên ZENNIA Tuyển Dụng Chuyên Viên Digital Marketing/Facebook Ads Full-time 2026,Xem chi tiết tại link gốc,https://ybox.vn/tuyen-dung/hn-cong-ty-my-pham-thao-duoc-thien-nhien-zennia-tuyen-dung-chuyen-vien-digital-marketing-facebook-ads-full-time-2026-6a389fdcf8d23c23c174dbbf,Công nghệ thông tin
[HN] Công Ty DICI Tuyển Dụng Chuyên Viên Content Marketing/Ads Marketing Full-time 2026,Xem chi tiết tại link gốc,https://ybox.vn/tuyen-dung/hn-cong-ty-dici-tuyen-dung-chuyen-vien-content-marketing-ads-marketing-full-time-2026-6a389f182dbbb5273c8557a6,Ngành khác / Chưa phân loại
[HN] Công Ty Phát Triển Thương Mại Vạn Nam Tuyển Dụng Chuyên Viên Digital Marketing/Ads Facebook Full-time 2026,Xem chi tiết tại link gốc,https://ybox.vn/tuyen-dung/hn-cong-ty-phat-trien-thuong-mai-van-nam-tuyen-dung-chuyen-vien-digital-marketing-ads-facebook-full-time-2026-6a389e19f8d23c23c174db37,Công nghệ thông tin
[HN] Văn Phòng Luật Sư - Đại Diện Sở Hữu Trí Tuệ Ân Nam Tuyển Dụng Nhân Viên Kế Toán Nội Bộ Full-time 2026,Xem chi tiết tại link gốc,https://ybox.vn/tuyen-dung/hn-van-phong-luat-su-dai-dien-so-huu-tri-tue-an-nam-tuyen-dung-nhan-vien-ke-toan-noi-bo-full-time-2026-6a38ab0e4686825d427ef73a,Ngành khác / Chưa phân loại
[HCM] Công Ty WEPAR Tuyển Dụng Nhân Viên Kỹ Thuật Máy Lọc Nước Full-time 2026,Xem chi tiết tại link gốc,https://ybox.vn/tuyen-dung/hcm-cong-ty-wepar-tuyen-dung-nhan-vien-ky-thuat-may-loc-nuoc-full-time-2026-6a38aaff8856282656c82ebb,Ngành khác / Chưa phân loại
[HN] Công Ty CFC Việt Nam Tuyển Dụng Nhân Viên Kế Toán Tổng Hợp Full-time 2026,Xem chi tiết tại link gốc,https://ybox.vn/tuyen-dung/hn-cong-ty-cfc-viet-nam-tuyen-dung-nhan-vien-ke-toan-tong-hop-full-time-2026-6a38aa9ef8d23c23c174ddb4,Ngành khác / Chưa phân loại
[HCM] Công Ty Đầu Tư Dược Phẩm HTP Pharma Tuyển Dụng Nhân Viên Livestream Full-time 2026,Xem chi tiết tại link gốc,https://ybox.vn/tuyen-dung/hcm-cong-ty-dau-tu-duoc-pham-htp-pharma-tuyen-dung-nhan-vien-livestream-full-time-2026-6a38a993f8d23c23c174dd84,Ngành khác / Chưa phân loại
"[HN] Công Ty Kinh Doanh Và Phát Triển Đại Dương Xanh Tuyển Dụng Nhân Viên Digital Marketing, Trưởng Phòng Marketing Full-time 2026",Xem chi tiết tại link gốc,https://ybox.vn/tuyen-dung/hn-cong-ty-kinh-doanh-va-phat-trien-dai-duong-xanh-tuyen-dung-nhan-vien-digital-marketing-truong-phong-marketing-full-time-2026-6a38a92d4686825d427ef6e9,Công nghệ thông tin
[HN] Trung Tâm Anh Ngữ GLN Tuyển Dụng Nhân Viên Marketing Part-time 2026,Xem chi tiết tại link gốc,https://ybox.vn/tuyen-dung/hn-trung-tam-anh-ngu-gln-tuyen-dung-nhan-vien-marketing-part-time-2026-6a38a906d453ee2a1bceb86d,Ngành khác / Chưa phân loại
[HN] Công Ty HR2B Tuyển Dụng Nhân Viên Hành Chính Nhân Sự (Thời Vụ 6 Tháng) Full-time 2026,Xem chi tiết tại link gốc,https://ybox.vn/tuyen-dung/hn-cong-ty-hr2b-tuyen-dung-nhan-vien-hanh-chinh-nhan-su-thoi-vu-6-thang-full-time-2026-6a38a8e94686825d427ef6e0,Ngành khác / Chưa phân loại
[HN] Công Ty Steve Mille Tuyển Dụng Nhân Viên Chụp Hình Sản Phẩm Full-time 2026,Xem chi tiết tại link gốc,https://ybox.vn/tuyen-dung/hn-cong-ty-steve-mille-tuyen-dung-nhan-vien-chup-hinh-san-pham-full-time-2026-6a38a832d453ee2a1bceb84d,Ngành khác / Chưa phân loại
[HCM] Công Ty Dịch Vụ Vận Chuyển Logsun Global Logistics Tuyển Dụng Nhân Viên Pricing/Sales Oversea Full-time 2026,Xem chi tiết tại link gốc,https://ybox.vn/tuyen-dung/hcm-cong-ty-dich-vu-van-chuyen-logsun-global-logistics-tuyen-dung-nhan-vien-pricing-sales-oversea-full-time-2026-6a38a82ad453ee2a1bceb847,Ngành khác / Chưa phân loại
"[HCM] Thương Hiệu Quà Tặng HAVIGIFT Tuyển Dụng Thực Tập Sinh Vận Hành Kinh Doanh/Thủ Kho - Sản Xuất/Kế Toán/Marketing SEO, Nhân Viên Kế Toán Full-time 2026",Xem chi tiết tại link gốc,https://ybox.vn/tuyen-dung/hcm-thuong-hieu-qua-tang-havigift-tuyen-dung-thuc-tap-sinh-van-hanh-kinh-doanh-thu-kho-san-xuat-ke-toan-marketing-seo-nhan-vien-ke-toan-full-time-2026-6a38a5ebd453ee2a1bceb7d4,Ngành khác / Chưa phân loại
[HCM] Công Ty Nghiên Cứu Thị Trường CI Research Tuyển Dụng Thực Tập Sinh Nghiên Cứu Full-time 2026,Xem chi tiết tại link gốc,https://ybox.vn/tuyen-dung/hcm-cong-ty-nghien-cu-u-thi-truo-ng-ci-research-tuyen-dung-thuc-tap-sinh-nghien-cuu-full-time-2026-6a38c0dad453ee2a1bcebd16,Ngành khác / Chưa phân loại
"[HCM] Công Ty Công Nghệ HTA Tuyển Dụng Nhân Viên Hỗ Trợ Kinh Doanh Full-time 2026 (Không Yêu Cầu Kinh Nghiệm, Lương Cứng Upto 12 Triệu + Hoa Hồng, Nghỉ Thứ 7 & Chủ Nhật)",Xem chi tiết tại link gốc,https://ybox.vn/tuyen-dung/hcm-cong-ty-cong-nghe-hta-tuyen-dung-nhan-vien-ho-tro-kinh-doanh-full-time-2026-khong-yeu-cau-kinh-nghiem-luong-cung-upto-12-trieu-hoa-hong-nghi-thu-7-and-chu-nhat-6a1552fa768a637bfa056f31,Ngành khác / Chưa phân loại
[Online-HCM] Nền Tảng Bảo Hiểm CoverGo Tuyển Dụng Human Resources Intern 2026,Xem chi tiết tại link gốc,https://ybox.vn/tuyen-dung/online-hcm-nen-tang-bao-hiem-covergo-tuyen-dung-human-resources-intern-2026-6a38bf298856282656c8333f,Ngành khác / Chưa phân loại
"[HCM] Công Ty Phát Triển Nhà Vạn Phước Tuyển Dụng Nhân Viên & Thực Tập Sinh Tư Vấn & Marketing Bất Động Sản Full-time 2026 (Không Yêu Cầu Kinh Nghiệm, Mức Lương Upto 15 Triệu + Thưởng Dự Án)",Xem chi tiết tại link gốc,https://ybox.vn/tuyen-dung/hcm-cong-ty-phat-trien-nha-van-phuoc-tuyen-dung-nhan-vien-and-thuc-tap-sinh-tu-van-and-marketing-bat-dong-san-full-time-2026-khong-yeu-cau-kinh-nghiem-muc-luong-upto-15-trieu-thuong-du-an-6a1ff5178bd4aa728d0325f3,Ngành khác / Chưa phân loại
"[HCM] Công Ty Truyền Thông TMB Việt Nam Tuyển Dụng Editor Beauty Tiktok/ Youtube, Nhân Viên Vận Hành Ecommerce (Affiliate & Livestream) Full-time 2026",Xem chi tiết tại link gốc,https://ybox.vn/tuyen-dung/hcm-cong-ty-truyen-thong-tmb-viet-nam-tuyen-dung-editor-beauty-tiktok-youtube-nhan-vien-van-hanh-ecommerce-affiliate-and-livestream-full-time-2026-6a2124383604f572a3873009,Công nghệ thông tin
[Startup-Online] Nền Tảng Học Trực Tuyến CLEVAI Tuyển Dụng Gia Sư Lớp Philspeak Part-time 2026,Xem chi tiết tại link gốc,https://ybox.vn/tuyen-dung/startup-online-nen-tang-hoc-truc-tuyen-clevai-tuyen-dung-gia-su-lop-philspeak-part-time-2026-6a38201ef8d23c23c174cb94,Ngành khác / Chưa phân loại
Miniworld Tuyển Dụng,Xem chi tiết tại link gốc,https://ybox.vn/profile/nguyen-viet-dung48upk2v/posts,Ngành khác / Chưa phân loại
"[HN-Onsite/ Đà Nẵng-Online] Công Ty Game Mini World Tuyển Dụng Content Junior, Nhân Viên Quản Lý Cộng Đồng Full-time 2026 (Không Yêu Cầu Kinh Nghiệm, Mức Lương 8-15 Triệu/Tháng)",Xem chi tiết tại link gốc,https://ybox.vn/tuyen-dung/hn-onsite-da-nang-online-cong-ty-game-mini-world-tuyen-dung-content-junior-nhan-vien-quan-ly-cong-dong-full-time-2026-khong-yeu-cau-kinh-nghiem-muc-luong-8-15-trieu-thang-6a2a7897e835ed27183b3d9b,Công nghệ thông tin
"[HN] Công Ty Thương Mại Điện Tử HV Ecom Tuyển Dụng Thực Tập Sinh Listing Sàn Thương Mại Điện Tử Amazon, Ebay, Etsy Part-time/Full-time 2026 (Không Yêu Cầu Kinh Nghiệm)",Xem chi tiết tại link gốc,https://ybox.vn/tuyen-dung/hn-cong-ty-thuong-mai-dien-tu-hv-ecom-tuyen-dung-thuc-tap-sinh-listing-san-thuong-mai-dien-tu-amazon-ebay-etsy-part-time-full-time-2026-khong-yeu-cau-kinh-nghiem-6a2f79cad38c932713fb2cdd,Ngành khác / Chưa phân loại
[Startup-Online] Nền Tảng Học Trực Tuyến CLEVAI Tuyển Dụng Giáo Viên THCS Part-time 2026,Xem chi tiết tại link gốc,https://ybox.vn/tuyen-dung/startup-online-nen-tang-hoc-truc-tuyen-clevai-tuyen-dung-giao-vien-thcs-part-time-2026-6a381be12dbbb5273c8545c7,Ngành khác / Chưa phân loại
HR - Tuyển dụng X COMM,Xem chi tiết tại link gốc,https://ybox.vn/profile/nhan-su327fnx34/posts,Ngành khác / Chưa phân loại
"[HN] Công Ty Truyền Thông XCOMM Tuyển Dụng Nhân Viên Thiết Kế, Content Creative, HR Tuyển Dụng & Đào Tạo, Kế Toán Nội Bộ Full-time 2026 (Mức Lương 9 - 15 Triệu + Thưởng)",Xem chi tiết tại link gốc,https://ybox.vn/tuyen-dung/hn-cong-ty-truyen-thong-xcomm-tuyen-dung-nhan-vien-thiet-ke-content-creative-hr-tuyen-dung-and-dao-tao-ke-toan-noi-bo-full-time-2026-muc-luong-9-15-trieu-thuong-6a03fe9d73257002f74fb72a,Ngành khác / Chưa phân loại
[Startup-Online] Nền Tảng Học Trực Tuyến CLEVAI Tuyển Dụng Giáo Viên Academic English Part-time 2026,Xem chi tiết tại link gốc,https://ybox.vn/tuyen-dung/startup-online-nen-tang-hoc-truc-tuyen-clevai-tuyen-dung-giao-vien-academic-english-part-time-2026-6a381ec0d453ee2a1bcea6fb,Ngành khác / Chưa phân loại
"[HN/Phú Thọ] Công Ty Honda Việt Nam Tuyển Dụng Full-time & Thời Vụ: Kế Toán Quản Trị & Tài Chính, Đào Tạo Kỹ Thuật, Nhân Viên Quản Lý Thiết Bị Cơ Sở, Công Nghệ Thông Tin 2026 (Không Yêu Cầu Kinh Nghiệm, Có Xe Đưa Đón Hàng Ngày)",Xem chi tiết tại link gốc,https://ybox.vn/tuyen-dung/hn-phu-tho-cong-ty-honda-viet-nam-tuyen-dung-full-time-and-thoi-vu-ke-toan-quan-tri-and-tai-chinh-dao-tao-ky-thuat-nhan-vien-quan-ly-thiet-bi-co-so-cong-nghe-thong-tin-2026-khong-yeu-cau-kinh-nghiem-co-xe-dua-don-hang-ngay-6a1eb5398bd4aa728d02f10f,Ngành khác / Chưa phân loại
[Startup-HN] Công Ty Công Nghệ CSCMobi Tuyển Dụng Nhân Viên Hành Chính Nhân Sự Full-time 2026,Xem chi tiết tại link gốc,https://ybox.vn/tuyen-dung/startup-hn-cong-ty-cong-nghe-cscmobi-tuyen-dung-nhan-vien-hanh-chinh-nhan-su-full-time-2026-6a38a5f94686825d427ef635,Ngành khác / Chưa phân loại
"[Toàn Cầu] YBOX.VN Tuyển Dụng Nhân Viên Full-time (Remote, Online 100%): Phát Triển - Chăm Sóc Khách Hàng Doanh Nghiệp, Customer Support Admin & Thực Tập Sinh Part-Time (Remote, Online 100%) Cho Sinh Viên Từ Năm Thứ Nhất (Tuyển Quanh Năm): Biên Tập - Duyệt, Truyền Thông , Vận Hành, HR, Digital Marketing, Đối Ngoại, Graphic Design, Telesales",Xem chi tiết tại link gốc,https://ybox.vn/tuyen-dung/toan-cau-ybox-vn-tuyen-dung-nhan-vien-full-time-remote-online-100-phat-trien-cham-soc-khach-hang-doanh-nghiep-customer-support-admin-and-thuc-tap-sinh-part-time-remote-online-100-cho-sinh-vien-tu-nam-thu-nhat-tuyen-quanh-nam-bien-tap-duyet-truyen-thong-van-hanh-hr-digital-marketing-doi-ngoai-graphic-design-telesales-62b146a3f6e69823ee04941c,Công nghệ thông tin
[Startup-Online] Nền Tảng Học Trực Tuyến CLEVAI Tuyển Dụng Giáo Viên Lớp Joy Class Part-time 2026,Xem chi tiết tại link gốc,https://ybox.vn/tuyen-dung/startup-online-nen-tang-hoc-truc-tuyen-clevai-tuyen-dung-giao-vien-lop-joy-class-part-time-2026-6a381e2b2dbbb5273c854630,Ngành khác / Chưa phân loại
[Startup-Online] Nền Tảng Học Trực Tuyến CLEVAI Tuyển Dụng Gia Sư ESL Lớp Giao Tiếp Part-time 2026,Xem chi tiết tại link gốc,https://ybox.vn/tuyen-dung/startup-online-nen-tang-hoc-truc-tuyen-clevai-tuyen-dung-gia-su-esl-lop-giao-tiep-part-time-2026-6a381d88f8d23c23c174cae7,Ngành khác / Chưa phân loại
[Startup-Online] Nền Tảng Học Trực Tuyến CLEVAI Tuyển Dụng Giáo Viên Test Đầu Vào Demo Part-time 2026,Xem chi tiết tại link gốc,https://ybox.vn/tuyen-dung/startup-online-nen-tang-hoc-truc-tuyen-clevai-tuyen-dung-giao-vien-test-dau-vao-demo-part-time-2026-6a381d45d453ee2a1bcea693,Ngành khác / Chưa phân loại
[Startup-Online] Nền Tảng Học Trực Tuyến CLEVAI Tuyển Dụng Thực Tập Sinh Giảng Dạy Tiếng Anh Part-time/Full-time 2026,Xem chi tiết tại link gốc,https://ybox.vn/tuyen-dung/startup-online-nen-tang-hoc-truc-tuyen-clevai-tuyen-dung-thuc-tap-sinh-giang-day-tieng-anh-part-time-full-time-2026-6a381d03f8d23c23c174caca,Ngành khác / Chưa phân loại
[HCM] Công Ty Sản Xuất Injae Vina Tuyển Dụng Nhân Viên Sales Online Thương Mại Điện Tử Và Sales Admin Full-time 2026 (Lương Khởi Điểm 8 - 14 Triệu/ Tháng),Xem chi tiết tại link gốc,https://ybox.vn/tuyen-dung/hcm-cong-ty-san-xuat-injae-vina-tuyen-dung-nhan-vien-sales-online-thuong-mai-dien-tu-va-sales-admin-full-time-2026-luong-khoi-diem-8-14-trieu-thang-6a1e94e18bd4aa728d02ea43,Ngành khác / Chưa phân loại
"[HN] Công Ty Chứng Khoán MBS Tuyển Dụng Nhân Viên Kinh Doanh Full-time 2026 (Không Yêu Cầu Kinh Nghiệm, Thu Nhập: 8-10 Triệu + Thưởng)",Xem chi tiết tại link gốc,https://ybox.vn/tuyen-dung/hn-cong-ty-chung-khoan-mbs-tuyen-dung-nhan-vien-kinh-doanh-full-time-2026-khong-yeu-cau-kinh-nghiem-thu-nhap-8-10-trieu-thuong-6a38a68af8d23c23c174dd23,Ngành khác / Chưa phân loại
"[HCM] Hệ Thống Ngoại Ngữ - Tin Học Mini Hippo (Minh Long) Tuyển Dụng Tư Vấn Chương Trình, Trưởng Nhóm Kinh Doanh 2026 (Thu Nhập Từ 20 Triệu/Tháng)",Xem chi tiết tại link gốc,https://ybox.vn/tuyen-dung/hcm-he-thong-ngoai-ngu-tin-hoc-mini-hippo-minh-long-tuyen-dung-tu-van-chuong-trinh-truong-nhom-kinh-doanh-2026-thu-nhap-tu-20-trieu-thang-6a350cf7d453ee2a1bce394a,Ngành khác / Chưa phân loại
[Startup-Online] Nền Tảng Học Trực Tuyến CLEVAI Tuyển Dụng Giáo Viên Tiếng Anh Tiểu Học Part-time 2026,Xem chi tiết tại link gốc,https://ybox.vn/tuyen-dung/startup-online-nen-tang-hoc-truc-tuyen-clevai-tuyen-dung-giao-vien-tieng-anh-tieu-hoc-part-time-2026-6a381cab2dbbb5273c854604,Ngành khác / Chưa phân loại
"[HCM] Công Ty Chứng Khoán VPS Tuyển Dụng Thực Tập Sinh/ Cộng Tác Viên Môi Giới Tư Vấn Chứng Khoán Part-time/Full-time 2026 (Thu Nhập Lên Đến 30 Triệu/Tháng, Không Yêu Cầu Kinh Nghiệm)",Xem chi tiết tại link gốc,https://ybox.vn/tuyen-dung/hcm-cong-ty-chung-khoan-vps-tuyen-dung-thuc-tap-sinh-cong-tac-vien-moi-gioi-tu-van-chung-khoan-part-time-full-time-2026-thu-nhap-len-den-30-trieu-thang-khong-yeu-cau-kinh-nghiem-6a1fe2e38bd4aa728d03214c,Ngành khác / Chưa phân loại
[Startup-Online] Nền Tảng Học Trực Tuyến CLEVAI Tuyển Dụng Giáo Viên English For Kids Part-time 2026,Xem chi tiết tại link gốc,https://ybox.vn/tuyen-dung/startup-online-nen-tang-hoc-truc-tuyen-clevai-tuyen-dung-giao-vien-english-for-kids-part-time-2026-6a381c222dbbb5273c8545df,Ngành khác / Chưa phân loại
[HN] Hệ Thống Bán Lẻ Di Động CellphoneS Tuyển Dụng Thực Tập Sinh Visual Merchandising (VM) Full-time 2026 (Mức Hỗ Trợ: 3.000.000 VNĐ/ Tháng),Xem chi tiết tại link gốc,https://ybox.vn/tuyen-dung/hn-he-thong-ban-le-di-dong-cellphones-tuyen-dung-thuc-tap-sinh-visual-merchandising-vm-full-time-2026-muc-ho-tro-3-000-000-vnd-thang-6a387212f8d23c23c174d612,Ngành khác / Chưa phân loại
[HN] Công Ty Công Nghệ SAPO Tuyển Dụng Cộng Tác Viên Media (Quay Dựng) Full-time 2026 (Hỗ Trợ: 3.000.000 VNĐ/ Tháng),Xem chi tiết tại link gốc,https://ybox.vn/tuyen-dung/hn-cong-ty-cong-nghe-sapo-tuyen-dung-cong-tac-vien-media-quay-dung-full-time-2026-ho-tro-3-000-000-vnd-thang-6a386fe5f8d23c23c174d5c5,Ngành khác / Chưa phân loại
[HN] Công Ty Dịch Vụ Vận Chuyển CEVA Logistics Việt Nam Tuyển Dụng Intermodal Local Handling Intern (Customs & Trucking) Full-time 2026,Xem chi tiết tại link gốc,https://ybox.vn/tuyen-dung/hn-cong-ty-dich-vu-van-chuyen-ceva-logistics-viet-nam-tuyen-dung-intermodal-local-handling-intern-customs-and-trucking-full-time-2026-6a38c400f8d23c23c174e32b,Ngành khác / Chưa phân loại
[HCM] Công Ty Xuất Khẩu Tóc Thật CYHAIR Tuyển Dụng Nhân Viên Kinh Doanh Xuất Nhập Khẩu Full-time/Part-time 2026,Xem chi tiết tại link gốc,https://ybox.vn/tuyen-dung/hcm-cong-ty-xuat-khau-toc-that-cyhair-tuyen-dung-nhan-vien-kinh-doanh-xuat-nhap-khau-full-time-part-time-2026-6a339ba98856282656c76f9e,Ngành khác / Chưa phân loại
"[HCM] AIA EXCHANGE - Công Ty Tài Chính Thuộc Tập Đoàn Đa Quốc Gia AIA Tuyển Dụng Nhân Viên Tư Vấn Tài Chính Full-Time 2026 (Không Yêu Cầu Kinh Nghiệm, Thu Nhập Từ 15 - 24 Triệu/Tháng)",Xem chi tiết tại link gốc,https://ybox.vn/tuyen-dung/hcm-aia-exchange-cong-ty-tai-chinh-thuoc-tap-doan-da-quoc-gia-aia-tuyen-dung-nhan-vien-tu-van-tai-chinh-full-time-2026-khong-yeu-cau-kinh-nghiem-thu-nhap-tu-15-24-trieu-thang-6a2123798bd4aa728d035c28,Ngành khác / Chưa phân loại
"[Online] Dự Án Ynot? – Tuổi Trẻ Tại Sao Không? Tuyển Dụng Tình Nguyện Viên/Cộng Tác Viên Ban Truyền Thông, Nhân Sự, Content, Tik-Tok Part-time 2025",Xem chi tiết tại link gốc,https://ybox.vn/tuyen-dung/online-du-an-ynot-tuoi-tre-tai-sao-khong-tuyen-dung-tinh-nguyen-vien-cong-tac-vien-ban-truyen-thong-nhan-su-content-tik-tok-part-time-2025-6575c3d73ea517086436a7de,Ngành khác / Chưa phân loại
[HCM] Công Ty Tư Vấn Và Cung Cấp Các Dịch Vụ Kinh Doanh Vistra Tuyển Dụng Accounting Intern Full-time 2026,Xem chi tiết tại link gốc,https://ybox.vn/tuyen-dung/hcm-cong-ty-tu-van-va-cung-cap-cac-dich-vu-kinh-doanh-vistra-tuyen-dung-accounting-intern-full-time-2026-6a38bffb8856282656c83363,Ngành khác / Chưa phân loại
"[HN/HCM] Hệ Thống Anh Ngữ The IELTS Workshop Tuyển Dụng Nhân Viên Part-time/Full-time: Giáo Viên IELTS, Tuyển Dụng, Chăm Sóc Lớp Học, Tư Vấn Tuyển Sinh, Hỗ Trợ Học Thuật/IELTS Tester, Digital Marketing 2026 (For Fresher & Experienced, Thu Nhập 10-30+ Triệu/ Tháng)",Xem chi tiết tại link gốc,https://ybox.vn/tuyen-dung/hn-hcm-he-thong-anh-ngu-the-ielts-workshop-tuyen-dung-nhan-vien-part-time-full-time-giao-vien-ielts-tuyen-dung-cham-soc-lop-hoc-tu-van-tuyen-sinh-ho-tro-hoc-thuat-ielts-tester-digital-marketing-2026-for-fresher-and-experienced-thu-nhap-10-30-trieu-thang-6a14081655bc554f929012db,Công nghệ thông tin
"[HCM] Công Ty Thương Mại Điện Tử Waooz Apparel Tuyển Dụng Thực Tập Sinh Content Creator, Chăm Sóc Khách Hàng, Thiết Kế & Nhân Viên Kế Toán, Điều Phối Sản Xuất Full-time 2026",Xem chi tiết tại link gốc,https://ybox.vn/tuyen-dung/hcm-cong-ty-thuong-mai-dien-tu-waooz-apparel-tuyen-dung-thuc-tap-sinh-content-creator-cham-soc-khach-hang-thiet-ke-and-nhan-vien-ke-toan-dieu-phoi-san-xuat-full-time-2026-6a310872f8d23c23c173ad28,Ngành khác / Chưa phân loại
[HCM] Tập Đoàn Vàng Bạc Đá Quý Cao Cấp Phú Nhuận (PNJ) Tuyển Dụng HR Intern Full-time 2026,Xem chi tiết tại link gốc,https://ybox.vn/tuyen-dung/hcm-tap-doan-vang-bac-da-quy-cao-cap-phu-nhuan-pnj-tuyen-dung-hr-intern-full-time-2026-6a38bde0f8d23c23c174e1d2,Ngành khác / Chưa phân loại
"[HCM] Công Ty Giải Pháp Tốt GFT Tuyển Dụng Thực Tập Sinh & Nhân Viên Full-time: Content Marketing, Content Creator, Kế Toán, Pháp Chế, CSKH & Hỗ Trợ Doanh Nghiệp, CSKH Hỗ Trợ Thuế, CSKH Quản Trị Hệ Thống 2026 (Không Yêu Cầu Kinh Nghiệm, Thu Nhập Nhân Viên 11-16 Triệu/Tháng, Hỗ Trợ Nhà Ở - Ký Túc Xá)",Xem chi tiết tại link gốc,https://ybox.vn/tuyen-dung/hcm-cong-ty-giai-phap-tot-gft-tuyen-dung-thuc-tap-sinh-and-nhan-vien-full-time-content-marketing-content-creator-ke-toan-phap-che-cskh-and-ho-tro-doanh-nghiep-cskh-ho-tro-thue-cskh-quan-tri-he-thong-2026-khong-yeu-cau-kinh-nghiem-thu-nhap-nhan-vien-11-16-trieu-thang-ho-tro-nha-o-ky-tuc-xa-6a0d5786582ea202f2eba1fa,Ngành khác / Chưa phân loại
[HN] Khách Sạn Intercontinental Hanoi Landmark72 Tuyển Dụng Thực Tập Sinh Nhân Sự Full-time 2026,Xem chi tiết tại link gốc,https://ybox.vn/tuyen-dung/hn-khach-san-intercontinental-hanoi-landmark72-tuyen-dung-thuc-tap-sinh-nhan-su-full-time-2026-6a38a0a5d453ee2a1bceb709,Ngành khác / Chưa phân loại
[HCM] Tập Đoàn Đa Quốc Gia Về Dinh Dưỡng ADM Tuyển Dụng Marketing Intern Full-time 2026,Xem chi tiết tại link gốc,https://ybox.vn/tuyen-dung/hcm-tap-doan-da-quoc-gia-ve-dinh-duong-adm-tuyen-dung-marketing-intern-full-time-2026-6a3819e02dbbb5273c8544fb,Ngành khác / Chưa phân loại
[HCM] Ngân Hàng Việt Nam Thịnh Vượng VP Bank Tuyển Dụng Thực Tập Sinh Kho Lưu Trữ Chứng Từ Full-time 2026,Xem chi tiết tại link gốc,https://ybox.vn/tuyen-dung/hcm-ngan-hang-viet-nam-thinh-vuong-vp-bank-tuyen-dung-thuc-tap-sinh-kho-luu-tru-chung-tu-full-time-2026-6a381207f8d23c23c174c88a,Ngành khác / Chưa phân loại
[Online-HCM] Công Ty Cung Cấp Dịch Vụ Phần Mềm TRG International Tuyển Dụng Human Resources Intern Full-time 2026,Xem chi tiết tại link gốc,https://ybox.vn/tuyen-dung/online-hcm-cong-ty-cung-cap-dich-vu-phan-mem-trg-international-tuyen-dung-human-resources-intern-full-time-2026-6a3805e4d453ee2a1bcea1da,Công nghệ thông tin
[HCM] Nền Tảng Mạng Xã Hội TikTok Tuyển Dụng Top Creator Project Intern (TikTok Shop) 2026,Xem chi tiết tại link gốc,https://ybox.vn/tuyen-dung/hcm-nen-tang-mang-xa-hoi-tiktok-tuyen-dung-top-creator-project-intern-tiktok-shop-2026-6a367d8a2dbbb5273c850bcd,Công nghệ thông tin
[HCM] Nền Tảng Du Lịch Đa Quốc Gia Klook Tuyển Dụng Kreator & Affiliate Intern 2026,Xem chi tiết tại link gốc,https://ybox.vn/tuyen-dung/hcm-nen-tang-du-lich-da-quoc-gia-klook-tuyen-dung-kreator-and-affiliate-intern-2026-6a36ac06d453ee2a1bce7341,Ngành khác / Chưa phân loại
[HCM] Tập Đoàn Tư Vấn Bất Động Sản Cushman & Wakefield Việt Nam Tuyển Dụng EIC Intern - Commercial Real Estate Full-time 2026,Xem chi tiết tại link gốc,https://ybox.vn/tuyen-dung/hcm-tap-doan-tu-van-bat-dong-san-cushman-and-wakefield-viet-nam-tuyen-dung-eic-intern-commercial-real-estate-full-time-2026-6a3623dc2dbbb5273c84fce2,Ngành khác / Chưa phân loại
VILA INTERNATIONAL,Xem chi tiết tại link gốc,https://ybox.vn/profile/vila/posts,Ngành khác / Chưa phân loại
[HN] Công Ty Giải Pháp Hương Thơm Không Gian VILA Tuyển Dụng Nhân Viên Tư Vấn Giải Pháp Và Bán Hàng Part-time 2026 (Thu Nhập 3-4 Triệu + Thưởng),Xem chi tiết tại link gốc,https://ybox.vn/tuyen-dung/hn-cong-ty-giai-phap-huong-thom-khong-gian-vila-tuyen-dung-nhan-vien-tu-van-giai-phap-va-ban-hang-part-time-2026-thu-nhap-3-4-trieu-thuong-6a3397ccf8d23c23c1741a7c,Ngành khác / Chưa phân loại
